system:index,B11,B2,B3,B4,B8,SCL,.geo
0,2277,9656,9728,9744,9944,8,"{""type"":""Point"",""coordinates"":[73.38300118935113,18.804262622296687]}"
1,2258,9664,9736,9728,9968,8,"{""type"":""Point"",""coordinates"":[73.38309605291836,18.80426344433676]}"
2,2258,9632,9656,9656,10000,8,"{""type"":""Point"",""coordinates"":[73.3831909164905,18.804264266328655]}"
3,2260,9632,9632,9664,9984,8,"{""type"":""Point"",""coordinates"":[73.38328578006758,18.80426508827237]}"
4,2260,9632,9592,9616,9904,8,"{""type"":""Point"",""coordinates"":[73.38338064364955,18.804265910167903]}"
5,2242,9632,9704,9816,9992,8,"{""type"":""Point"",""coordinates"":[73.38290718903946,18.8041714576365]}"
6,2242,9632,9736,9720,9968,8,"{""type"":""Point"",""coordinates"":[73.38300205255118,18.804172279720515]}"
7,2251,9680,9728,9688,9928,8,"{""type"":""Point"",""coordinates"":[73.38309691606781,18.80417310175635]}"
8,2251,9664,9632,9664,9960,8,"{""type"":""Point"",""coordinates"":[73.38319177958938,18.80417392374401]}"
9,2239,9712,9592,9616,9888,8,"{""type"":""Point"",""coordinates"":[73.38328664311585,18.804174745683486]}"
10,2239,9632,9632,9568,9928,8,"{""type"":""Point"",""coordinates"":[73.38338150664725,18.804175567574784]}"
11,2265,9528,9568,9592,9872,8,"{""type"":""Point"",""coordinates"":[73.38347637018356,18.8041763894179]}"
12,2265,9568,9528,9592,9864,8,"{""type"":""Point"",""coordinates"":[73.38357123372478,18.80417721121284]}"
13,2286,9704,9704,9816,9992,8,"{""type"":""Point"",""coordinates"":[73.38281318882896,18.804080292935684]}"
14,2242,9632,9664,9784,9960,8,"{""type"":""Point"",""coordinates"":[73.38290805228516,18.804081115063646]}"
15,2242,9656,9696,9768,9928,8,"{""type"":""Point"",""coordinates"":[73.3830029157463,18.804081937143422]}"
16,2251,9712,9736,9680,9944,8,"{""type"":""Point"",""coordinates"":[73.38309777921236,18.804082759175024]}"
17,2251,9712,9688,9616,9960,8,"{""type"":""Point"",""coordinates"":[73.38319264268333,18.804083581158444]}"
18,2239,9680,9632,9600,9960,8,"{""type"":""Point"",""coordinates"":[73.3832875061592,18.804084403093682]}"
19,2239,9664,9632,9536,9960,8,"{""type"":""Point"",""coordinates"":[73.38338236964002,18.804085224980746]}"
20,2265,9536,9568,9592,9896,8,"{""type"":""Point"",""coordinates"":[73.38347723312573,18.804086046819627]}"
21,2265,9528,9616,9568,9872,8,"{""type"":""Point"",""coordinates"":[73.38357209661638,18.804086868610327]}"
22,2330,9488,9520,9552,9864,8,"{""type"":""Point"",""coordinates"":[73.38366696011194,18.804087690352844]}"
23,2330,9488,9520,9520,9864,8,"{""type"":""Point"",""coordinates"":[73.38376182361242,18.804088512047187]}"
24,2272,9704,9712,9784,10016,8,"{""type"":""Point"",""coordinates"":[73.38262432532383,18.80398830597418]}"
25,2234,9648,9712,9792,10016,8,"{""type"":""Point"",""coordinates"":[73.38271918871962,18.80398912819426]}"
26,2234,9736,9744,9784,9992,8,"{""type"":""Point"",""coordinates"":[73.38281405212034,18.803989950366166]}"
27,2207,9616,9704,9752,9968,8,"{""type"":""Point"",""coordinates"":[73.38290891552596,18.803990772489886]}"
28,2207,9712,9656,9768,9944,8,"{""type"":""Point"",""coordinates"":[73.3830037789365,18.803991594565428]}"
29,2215,9680,9728,9728,10008,8,"{""type"":""Point"",""coordinates"":[73.38309864235197,18.80399241659279]}"
30,2215,9712,9752,9632,10008,8,"{""type"":""Point"",""coordinates"":[73.38319350577234,18.803993238571973]}"
31,2201,9656,9728,9624,9984,8,"{""type"":""Point"",""coordinates"":[73.38328836919766,18.803994060502976]}"
32,2201,9704,9656,9584,9944,8,"{""type"":""Point"",""coordinates"":[73.38338323262788,18.8039948823858]}"
33,2221,9568,9592,9584,9896,8,"{""type"":""Point"",""coordinates"":[73.383478096063,18.803995704220444]}"
34,2221,9512,9568,9552,9864,8,"{""type"":""Point"",""coordinates"":[73.38357295950307,18.80399652600691]}"
35,2264,9512,9528,9528,9832,8,"{""type"":""Point"",""coordinates"":[73.38366782294803,18.803997347745195]}"
36,2264,9464,9504,9504,9768,8,"{""type"":""Point"",""coordinates"":[73.38376268639792,18.803998169435296]}"
37,2318,9464,9456,9440,9768,8,"{""type"":""Point"",""coordinates"":[73.3838575498527,18.803998991077226]}"
38,2318,9416,9392,9464,9816,8,"{""type"":""Point"",""coordinates"":[73.38395241331244,18.803999812670966]}"
39,2356,9416,9416,9504,9752,8,"{""type"":""Point"",""coordinates"":[73.38404727677707,18.804000634216536]}"
40,2272,9696,9736,9720,10000,8,"{""type"":""Point"",""coordinates"":[73.38253032537116,18.803897141148198]}"
41,2272,9704,9704,9744,9992,8,"{""type"":""Point"",""coordinates"":[73.38262518871146,18.80389796341222]}"
42,2234,9704,9768,9768,9992,8,"{""type"":""Point"",""coordinates"":[73.38272005205667,18.803898785628064]}"
43,2234,9664,9768,9760,9944,8,"{""type"":""Point"",""coordinates"":[73.38281491540678,18.803899607795728]}"
44,2207,9632,9736,9744,10016,8,"{""type"":""Point"",""coordinates"":[73.38290977876183,18.803900429915213]}"
45,2207,9664,9696,9752,9984,8,"{""type"":""Point"",""coordinates"":[73.38300464212179,18.803901251986517]}"
46,2215,9608,9712,9744,10016,8,"{""type"":""Point"",""coordinates"":[73.38309950548667,18.803902074009642]}"
47,2215,9712,9728,9624,10048,8,"{""type"":""Point"",""coordinates"":[73.38319436885646,18.80390289598459]}"
48,2201,9704,9712,9616,9992,8,"{""type"":""Point"",""coordinates"":[73.38328923223118,18.803903717911354]}"
49,2201,9656,9648,9568,9920,8,"{""type"":""Point"",""coordinates"":[73.38338409561081,18.803904539789944]}"
50,2221,9632,9616,9568,9864,8,"{""type"":""Point"",""coordinates"":[73.38347895899537,18.803905361620348]}"
51,2221,9512,9592,9528,9840,8,"{""type"":""Point"",""coordinates"":[73.38357382238483,18.803906183402578]}"
52,2264,9528,9552,9552,9832,8,"{""type"":""Point"",""coordinates"":[73.38366868577921,18.803907005136626]}"
53,2264,9464,9520,9520,9792,8,"{""type"":""Point"",""coordinates"":[73.38376354917851,18.803907826822496]}"
54,2318,9416,9480,9440,9808,8,"{""type"":""Point"",""coordinates"":[73.38385841258273,18.803908648460183]}"
55,2318,9464,9520,9504,9808,8,"{""type"":""Point"",""coordinates"":[73.38395327599187,18.803909470049692]}"
56,2356,9432,9472,9496,9752,8,"{""type"":""Point"",""coordinates"":[73.3840481394059,18.803910291591023]}"
57,2356,9416,9416,9408,9720,8,"{""type"":""Point"",""coordinates"":[73.38414300282489,18.80391111308418]}"
58,2347,9376,9416,9504,9672,8,"{""type"":""Point"",""coordinates"":[73.38423786624875,18.80391193452915]}"
59,2245,9752,9768,9752,9992,8,"{""type"":""Point"",""coordinates"":[73.38243632551969,18.80380597628161]}"
60,2217,9808,9768,9744,9960,8,"{""type"":""Point"",""coordinates"":[73.38253118880446,18.803806798589573]}"
61,2217,9792,9768,9752,9960,8,"{""type"":""Point"",""coordinates"":[73.38262605209417,18.80380762084936]}"
62,2215,9672,9768,9768,10008,8,"{""type"":""Point"",""coordinates"":[73.38272091538879,18.80380844306096]}"
63,2215,9664,9768,9728,9992,8,"{""type"":""Point"",""coordinates"":[73.38281577868833,18.803809265224388]}"
64,2196,9696,9768,9752,9984,8,"{""type"":""Point"",""coordinates"":[73.38291064199278,18.80381008733963]}"
65,2196,9616,9752,9720,9992,8,"{""type"":""Point"",""coordinates"":[73.38300550530215,18.8038109094067]}"
66,2185,9632,9736,9696,10008,8,"{""type"":""Point"",""coordinates"":[73.38310036861644,18.803811731425586]}"
67,2185,9680,9752,9632,10048,8,"{""type"":""Point"",""coordinates"":[73.38319523193566,18.8038125533963]}"
68,2189,9680,9728,9616,9960,8,"{""type"":""Point"",""coordinates"":[73.38329009525978,18.803813375318825]}"
69,2189,9616,9632,9624,9904,8,"{""type"":""Point"",""coordinates"":[73.38338495858883,18.80381419719318]}"
70,2198,9608,9616,9584,9888,8,"{""type"":""Point"",""coordinates"":[73.3834798219228,18.803815019019346]}"
71,2198,9552,9520,9528,9816,8,"{""type"":""Point"",""coordinates"":[73.38357468526168,18.80381584079734]}"
72,2227,9464,9528,9528,9816,8,"{""type"":""Point"",""coordinates"":[73.38366954860547,18.803816662527154]}"
73,2227,9480,9592,9472,9824,8,"{""type"":""Point"",""coordinates"":[73.38376441195419,18.803817484208786]}"
74,2277,9464,9528,9464,9768,8,"{""type"":""Point"",""coordinates"":[73.38385927530781,18.803818305842242]}"
75,2277,9416,9480,9440,9768,8,"{""type"":""Point"",""coordinates"":[73.38395413866637,18.803819127427516]}"
76,2296,9456,9440,9440,9744,8,"{""type"":""Point"",""coordinates"":[73.38404900202983,18.803819948964613]}"
77,2296,9416,9440,9440,9720,8,"{""type"":""Point"",""coordinates"":[73.3841438653982,18.803820770453527]}"
78,2282,9384,9392,9464,9720,8,"{""type"":""Point"",""coordinates"":[73.3842387287715,18.803821591894266]}"
79,2282,9304,9440,9440,9704,8,"{""type"":""Point"",""coordinates"":[73.3843335921497,18.80382241328682]}"
80,2313,9312,9416,9472,9672,8,"{""type"":""Point"",""coordinates"":[73.38442845553283,18.803823234631203]}"
81,2311,9904,9824,9792,10032,8,"{""type"":""Point"",""coordinates"":[73.38224746254502,18.803713988974316]}"
82,2245,9784,9744,9808,10032,8,"{""type"":""Point"",""coordinates"":[73.38234232576939,18.803714811374398]}"
83,2245,9784,9768,9792,10016,8,"{""type"":""Point"",""coordinates"":[73.38243718899867,18.803715633726302]}"
84,2217,9704,9768,9760,9992,8,"{""type"":""Point"",""coordinates"":[73.38253205223285,18.803716456030024]}"
85,2217,9768,9768,9784,10016,8,"{""type"":""Point"",""coordinates"":[73.38262691547196,18.80371727828557]}"
86,2215,9696,9768,9768,9992,8,"{""type"":""Point"",""coordinates"":[73.38272177871599,18.803718100492937]}"
87,2215,9632,9768,9696,9928,8,"{""type"":""Point"",""coordinates"":[73.38281664196495,18.803718922652124]}"
88,2196,9672,9736,9696,9960,8,"{""type"":""Point"",""coordinates"":[73.38291150521881,18.803719744763132]}"
89,2196,9632,9752,9704,9960,8,"{""type"":""Point"",""coordinates"":[73.3830063684776,18.803720566825966]}"
90,2185,9608,9752,9696,9984,8,"{""type"":""Point"",""coordinates"":[73.3831012317413,18.803721388840614]}"
91,2185,9632,9752,9704,9992,8,"{""type"":""Point"",""coordinates"":[73.38319609500994,18.803722210807084]}"
92,2189,9664,9728,9656,9936,8,"{""type"":""Point"",""coordinates"":[73.38329095828348,18.803723032725376]}"
93,2189,9664,9632,9664,9960,8,"{""type"":""Point"",""coordinates"":[73.38338582156193,18.803723854595493]}"
94,2198,9632,9632,9616,9928,8,"{""type"":""Point"",""coordinates"":[73.38348068484532,18.803724676417428]}"
95,2198,9560,9520,9600,9832,8,"{""type"":""Point"",""coordinates"":[73.38357554813362,18.803725498191184]}"
96,2227,9480,9544,9504,9832,8,"{""type"":""Point"",""coordinates"":[73.38367041142682,18.803726319916763]}"
97,2227,9464,9552,9528,9808,8,"{""type"":""Point"",""coordinates"":[73.38376527472496,18.80372714159416]}"
98,2277,9528,9504,9464,9744,8,"{""type"":""Point"",""coordinates"":[73.383860138028,18.80372796322338]}"
99,2277,9488,9472,9464,9792,8,"{""type"":""Point"",""coordinates"":[73.38395500133595,18.80372878480442]}"
100,2296,9464,9440,9440,9760,8,"{""type"":""Point"",""coordinates"":[73.38404986464884,18.80372960633728]}"
101,2296,9432,9456,9464,9744,8,"{""type"":""Point"",""coordinates"":[73.38414472796663,18.80373042782196]}"
102,2282,9384,9392,9432,9656,8,"{""type"":""Point"",""coordinates"":[73.38423959128933,18.803731249258462]}"
103,2282,9312,9416,9440,9672,8,"{""type"":""Point"",""coordinates"":[73.38433445461695,18.803732070646788]}"
104,2313,9352,9392,9496,9648,8,"{""type"":""Point"",""coordinates"":[73.38442931794948,18.803732891986932]}"
105,2313,9288,9384,9440,9648,8,"{""type"":""Point"",""coordinates"":[73.38452418128693,18.803733713278902]}"
106,2335,9312,9416,9440,9648,8,"{""type"":""Point"",""coordinates"":[73.3846190446293,18.803734534522686]}"
107,2335,9280,9408,9464,9640,8,"{""type"":""Point"",""coordinates"":[73.38471390797659,18.803735355718292]}"
108,2223,9840,9784,9784,10144,8,"{""type"":""Point"",""coordinates"":[73.3821534629514,18.803622823982558]}"
109,2223,9792,9768,9784,10168,8,"{""type"":""Point"",""coordinates"":[73.38224832612025,18.803623646426576]}"
110,2180,9768,9736,9832,10088,8,"{""type"":""Point"",""coordinates"":[73.382343189294,18.80362446882242]}"
111,2180,9704,9736,9792,10048,8,"{""type"":""Point"",""coordinates"":[73.38243805247271,18.803625291170086]}"
112,2166,9704,9768,9792,10016,8,"{""type"":""Point"",""coordinates"":[73.3825329156563,18.803626113469566]}"
113,2166,9704,9744,9808,10048,8,"{""type"":""Point"",""coordinates"":[73.38262777884482,18.803626935720875]}"
114,2167,9704,9768,9760,10016,8,"{""type"":""Point"",""coordinates"":[73.38272264203827,18.803627757924]}"
115,2167,9664,9768,9720,9984,8,"{""type"":""Point"",""coordinates"":[73.38281750523664,18.803628580078954]}"
116,2166,9592,9768,9696,9928,8,"{""type"":""Point"",""coordinates"":[73.38291236843993,18.803629402185724]}"
117,2166,9568,9728,9752,9984,8,"{""type"":""Point"",""coordinates"":[73.38300723164812,18.80363022424432]}"
118,2166,9568,9768,9704,9960,8,"{""type"":""Point"",""coordinates"":[73.38310209486126,18.80363104625473]}"
119,2166,9608,9712,9704,9936,8,"{""type"":""Point"",""coordinates"":[73.3831969580793,18.803631868216964]}"
120,2176,9616,9696,9680,9960,8,"{""type"":""Point"",""coordinates"":[73.38329182130227,18.80363269013102]}"
121,2176,9656,9632,9616,9992,8,"{""type"":""Point"",""coordinates"":[73.38338668453012,18.803633511996896]}"
122,2187,9664,9592,9624,9928,8,"{""type"":""Point"",""coordinates"":[73.38348154776291,18.8036343338146]}"
123,2187,9632,9552,9592,9840,8,"{""type"":""Point"",""coordinates"":[73.38357641100063,18.803635155584114]}"
124,2202,9536,9544,9552,9840,8,"{""type"":""Point"",""coordinates"":[73.38367127424326,18.803635977305458]}"
125,2202,9536,9480,9552,9856,8,"{""type"":""Point"",""coordinates"":[73.3837661374908,18.803636798978623]}"
126,2240,9528,9480,9504,9832,8,"{""type"":""Point"",""coordinates"":[73.38386100074327,18.803637620603602]}"
127,2240,9456,9472,9584,9776,8,"{""type"":""Point"",""coordinates"":[73.38395586400064,18.803638442180407]}"
128,2254,9416,9480,9440,9720,8,"{""type"":""Point"",""coordinates"":[73.38405072726292,18.803639263709037]}"
129,2254,9416,9480,9464,9752,8,"{""type"":""Point"",""coordinates"":[73.38414559053014,18.803640085189482]}"
130,2256,9352,9440,9440,9648,8,"{""type"":""Point"",""coordinates"":[73.38424045380225,18.80364090662175]}"
131,2256,9352,9432,9440,9712,8,"{""type"":""Point"",""coordinates"":[73.38433531707929,18.80364172800584]}"
132,2289,9312,9392,9440,9640,8,"{""type"":""Point"",""coordinates"":[73.38443018036124,18.803642549341752]}"
133,2289,9232,9408,9440,9616,8,"{""type"":""Point"",""coordinates"":[73.3845250436481,18.803643370629484]}"
134,2310,9256,9368,9464,9592,8,"{""type"":""Point"",""coordinates"":[73.38461990693988,18.803644191869036]}"
135,2310,9256,9360,9456,9608,8,"{""type"":""Point"",""coordinates"":[73.38471477023657,18.80364501306041]}"
136,2367,9208,9328,9408,9616,8,"{""type"":""Point"",""coordinates"":[73.38480963353817,18.803645834203607]}"
137,2367,9240,9368,9432,9632,8,"{""type"":""Point"",""coordinates"":[73.3849044968447,18.803646655298625]}"
138,2421,9232,9328,9432,9640,8,"{""type"":""Point"",""coordinates"":[73.38499936015613,18.80364747634546]}"
139,2421,9168,9368,9432,9632,8,"{""type"":""Point"",""coordinates"":[73.38509422347246,18.80364829734412]}"
140,2439,9168,9336,9432,9632,8,"{""type"":""Point"",""coordinates"":[73.38518908679372,18.803649118294604]}"
141,2439,9168,9368,9432,9648,8,"{""type"":""Point"",""coordinates"":[73.38528395011988,18.8036499391969]}"
142,2267,9800,9920,9832,10144,8,"{""type"":""Point"",""coordinates"":[73.38205946345893,18.803531658950188]}"
143,2223,9784,9848,9768,10144,8,"{""type"":""Point"",""coordinates"":[73.38215432657228,18.803532481438143]}"
144,2223,9704,9832,9744,10120,8,"{""type"":""Point"",""coordinates"":[73.38224918969054,18.803533303877927]}"
145,2180,9704,9824,9792,10096,8,"{""type"":""Point"",""coordinates"":[73.38234405281372,18.803534126269533]}"
146,2180,9704,9800,9784,10048,8,"{""type"":""Point"",""coordinates"":[73.38243891594182,18.803534948612956]}"
147,2166,9704,9736,9768,10048,8,"{""type"":""Point"",""coordinates"":[73.38253377907485,18.8035357709082]}"
148,2166,9664,9768,9752,10032,8,"{""type"":""Point"",""coordinates"":[73.38262864221278,18.803536593155272]}"
149,2167,9664,9784,9752,9960,8,"{""type"":""Point"",""coordinates"":[73.38272350535564,18.803537415354164]}"
150,2167,9544,9744,9768,9992,8,"{""type"":""Point"",""coordinates"":[73.38281836850344,18.80353823750487]}"
151,2166,9504,9768,9768,9944,8,"{""type"":""Point"",""coordinates"":[73.38291323165612,18.803539059607402]}"
152,2166,9536,9664,9792,9968,8,"{""type"":""Point"",""coordinates"":[73.38300809481375,18.803539881661763]}"
153,2166,9608,9736,9744,9936,8,"{""type"":""Point"",""coordinates"":[73.38310295797628,18.803540703667938]}"
154,2166,9512,9736,9720,9936,8,"{""type"":""Point"",""coordinates"":[73.38319782114374,18.803541525625935]}"
155,2176,9568,9696,9688,9960,8,"{""type"":""Point"",""coordinates"":[73.3832926843161,18.803542347535753]}"
156,2176,9608,9656,9616,9984,8,"{""type"":""Point"",""coordinates"":[73.38338754749338,18.803543169397393]}"
157,2187,9592,9632,9616,9960,8,"{""type"":""Point"",""coordinates"":[73.3834824106756,18.80354399121086]}"
158,2187,9664,9568,9584,9904,8,"{""type"":""Point"",""coordinates"":[73.38357727386273,18.803544812976142]}"
159,2202,9592,9552,9536,9856,8,"{""type"":""Point"",""coordinates"":[73.38367213705477,18.803545634693247]}"
160,2202,9560,9480,9536,9824,8,"{""type"":""Point"",""coordinates"":[73.38376700025174,18.803546456362174]}"
161,2240,9520,9504,9536,9816,8,"{""type"":""Point"",""coordinates"":[73.3838618634536,18.803547277982922]}"
162,2240,9432,9480,9504,9808,8,"{""type"":""Point"",""coordinates"":[73.3839567266604,18.803548099555492]}"
163,2254,9416,9480,9464,9728,8,"{""type"":""Point"",""coordinates"":[73.3840515898721,18.803548921079884]}"
164,2254,9416,9440,9464,9720,8,"{""type"":""Point"",""coordinates"":[73.38414645308872,18.803549742556097]}"
165,2256,9312,9416,9440,9704,8,"{""type"":""Point"",""coordinates"":[73.38424131631025,18.80355056398413]}"
166,2256,9304,9392,9432,9712,8,"{""type"":""Point"",""coordinates"":[73.3843361795367,18.803551385363985]}"
167,2289,9272,9368,9408,9664,8,"{""type"":""Point"",""coordinates"":[73.38443104276807,18.803552206695667]}"
168,2289,9256,9368,9440,9616,8,"{""type"":""Point"",""coordinates"":[73.38452590600434,18.803553027979163]}"
169,2310,9272,9328,9440,9640,8,"{""type"":""Point"",""coordinates"":[73.38462076924553,18.80355384921448]}"
170,2310,9208,9336,9456,9584,8,"{""type"":""Point"",""coordinates"":[73.38471563249165,18.803554670401624]}"
171,2367,9208,9376,9440,9584,8,"{""type"":""Point"",""coordinates"":[73.38481049574267,18.803555491540585]}"
172,2367,9232,9360,9408,9592,8,"{""type"":""Point"",""coordinates"":[73.3849053589986,18.80355631263137]}"
173,2421,9168,9360,9432,9576,8,"{""type"":""Point"",""coordinates"":[73.38500022225944,18.803557133673976]}"
174,2421,9168,9328,9432,9584,8,"{""type"":""Point"",""coordinates"":[73.38509508552521,18.803557954668403]}"
175,2439,9216,9328,9440,9584,8,"{""type"":""Point"",""coordinates"":[73.38518994879587,18.80355877561465]}"
176,2439,9144,9360,9416,9552,8,"{""type"":""Point"",""coordinates"":[73.38528481207146,18.803559596512716]}"
177,2419,9216,9368,9416,9568,8,"{""type"":""Point"",""coordinates"":[73.38537967535194,18.80356041736261]}"
178,2419,9144,9376,9432,9616,8,"{""type"":""Point"",""coordinates"":[73.38547453863735,18.80356123816432]}"
179,2193,10000,9984,9856,10232,8,"{""type"":""Point"",""coordinates"":[73.38187060101473,18.80343967129713]}"
180,2188,9896,9960,9832,10168,8,"{""type"":""Point"",""coordinates"":[73.38196546406763,18.803440493877208]}"
181,2188,9856,9944,9832,10120,8,"{""type"":""Point"",""coordinates"":[73.38206032712547,18.803441316409106]}"
182,2134,9808,9928,9816,10088,8,"{""type"":""Point"",""coordinates"":[73.38215519018823,18.803442138892827]}"
183,2134,9704,9912,9816,10088,8,"{""type"":""Point"",""coordinates"":[73.3822500532559,18.803442961328365]}"
184,2132,9704,9848,9752,10056,8,"{""type"":""Point"",""coordinates"":[73.3823449163285,18.803443783715732]}"
185,2132,9696,9840,9768,10016,8,"{""type"":""Point"",""coordinates"":[73.38243977940603,18.803444606054917]}"
186,2127,9632,9768,9792,10048,8,"{""type"":""Point"",""coordinates"":[73.38253464248845,18.803445428345924]}"
187,2127,9592,9800,9760,10008,8,"{""type"":""Point"",""coordinates"":[73.3826295055758,18.803446250588756]}"
188,2108,9568,9768,9768,10000,8,"{""type"":""Point"",""coordinates"":[73.3827243686681,18.803447072783406]}"
189,2108,9488,9736,9792,9960,8,"{""type"":""Point"",""coordinates"":[73.38281923176528,18.80344789492988]}"
190,2134,9488,9728,9792,9896,8,"{""type"":""Point"",""coordinates"":[73.3829140948674,18.803448717028175]}"
191,2134,9480,9696,9768,9864,8,"{""type"":""Point"",""coordinates"":[73.38300895797444,18.803449539078294]}"
192,2157,9480,9736,9760,9928,8,"{""type"":""Point"",""coordinates"":[73.38310382108638,18.80345036108023]}"
193,2157,9480,9752,9744,9920,8,"{""type"":""Point"",""coordinates"":[73.38319868420325,18.803451183033992]}"
194,2176,9552,9664,9688,9984,8,"{""type"":""Point"",""coordinates"":[73.38329354732505,18.803452004939576]}"
195,2176,9568,9656,9616,10016,8,"{""type"":""Point"",""coordinates"":[73.38338841045176,18.803452826796978]}"
196,2189,9616,9648,9592,9936,8,"{""type"":""Point"",""coordinates"":[73.38348327358338,18.803453648606208]}"
197,2189,9656,9544,9592,9936,8,"{""type"":""Point"",""coordinates"":[73.3835781367199,18.803454470367253]}"
198,2193,9632,9504,9592,9888,8,"{""type"":""Point"",""coordinates"":[73.38367299986136,18.803455292080123]}"
199,2193,9592,9528,9536,9832,8,"{""type"":""Point"",""coordinates"":[73.38376786300773,18.803456113744815]}"
200,2201,9520,9536,9584,9808,8,"{""type"":""Point"",""coordinates"":[73.38386272615904,18.80345693536133]}"
201,2201,9488,9480,9464,9808,8,"{""type"":""Point"",""coordinates"":[73.38395758931523,18.80345775692966]}"
202,2225,9480,9432,9440,9808,8,"{""type"":""Point"",""coordinates"":[73.38405245247635,18.80345857844982]}"
203,2225,9352,9480,9464,9760,8,"{""type"":""Point"",""coordinates"":[73.3841473156424,18.803459399921795]}"
204,2249,9320,9416,9464,9712,8,"{""type"":""Point"",""coordinates"":[73.38424217881334,18.8034602213456]}"
205,2249,9272,9376,9440,9664,8,"{""type"":""Point"",""coordinates"":[73.3843370419892,18.80346104272122]}"
206,2279,9232,9336,9432,9648,8,"{""type"":""Point"",""coordinates"":[73.38443190516999,18.803461864048664]}"
207,2279,9240,9360,9432,9608,8,"{""type"":""Point"",""coordinates"":[73.38452676835567,18.80346268532793]}"
208,2307,9232,9384,9432,9616,8,"{""type"":""Point"",""coordinates"":[73.38462163154628,18.803463506559016]}"
209,2307,9168,9360,9456,9552,8,"{""type"":""Point"",""coordinates"":[73.38471649474181,18.803464327741924]}"
210,2367,9168,9328,9432,9544,8,"{""type"":""Point"",""coordinates"":[73.38481135794224,18.803465148876654]}"
211,2367,9168,9368,9432,9552,8,"{""type"":""Point"",""coordinates"":[73.3849062211476,18.803465969963206]}"
212,2401,9144,9328,9440,9576,8,"{""type"":""Point"",""coordinates"":[73.38500108435785,18.803466791001576]}"
213,2401,9144,9280,9432,9552,8,"{""type"":""Point"",""coordinates"":[73.38509594757302,18.80346761199177]}"
214,2411,9176,9368,9392,9536,8,"{""type"":""Point"",""coordinates"":[73.38519081079312,18.803468432933787]}"
215,2411,9144,9336,9440,9552,8,"{""type"":""Point"",""coordinates"":[73.3852856740181,18.803469253827625]}"
216,2396,9128,9328,9392,9552,8,"{""type"":""Point"",""coordinates"":[73.38538053724803,18.80347007467328]}"
217,2396,9144,9360,9408,9552,8,"{""type"":""Point"",""coordinates"":[73.38547540048285,18.803470895470767]}"
218,2385,9152,9360,9392,9552,8,"{""type"":""Point"",""coordinates"":[73.38557026372256,18.80347171622007]}"
219,2188,9968,9880,9832,10208,8,"{""type"":""Point"",""coordinates"":[73.38196632777984,18.80335015133945]}"
220,2188,9816,9944,9808,10120,8,"{""type"":""Point"",""coordinates"":[73.3820611907871,18.80335097386711]}"
221,2134,9784,9880,9768,10120,8,"{""type"":""Point"",""coordinates"":[73.38215605379926,18.803351796346593]}"
222,2134,9672,9880,9792,10120,8,"{""type"":""Point"",""coordinates"":[73.38225091681636,18.803352618777893]}"
223,2132,9632,9824,9752,10048,8,"{""type"":""Point"",""coordinates"":[73.38234577983837,18.803353441161022]}"
224,2132,9632,9824,9784,10016,8,"{""type"":""Point"",""coordinates"":[73.38244064286529,18.803354263495965]}"
225,2127,9544,9784,9808,10032,8,"{""type"":""Point"",""coordinates"":[73.38253550589715,18.803355085782734]}"
226,2127,9520,9768,9808,9936,8,"{""type"":""Point"",""coordinates"":[73.38263036893392,18.803355908021327]}"
227,2108,9528,9736,9808,9864,8,"{""type"":""Point"",""coordinates"":[73.38272523197561,18.803356730211743]}"
228,2108,9488,9712,9816,9888,8,"{""type"":""Point"",""coordinates"":[73.38282009502223,18.803357552353976]}"
229,2134,9440,9688,9784,9888,8,"{""type"":""Point"",""coordinates"":[73.38291495807375,18.803358374448035]}"
230,2134,9392,9664,9784,9824,8,"{""type"":""Point"",""coordinates"":[73.3830098211302,18.80335919649391]}"
231,2157,9440,9696,9792,9864,8,"{""type"":""Point"",""coordinates"":[73.38310468419157,18.803360018491613]}"
232,2157,9496,9696,9744,9888,8,"{""type"":""Point"",""coordinates"":[73.38319954725786,18.80336084044114]}"
233,2176,9528,9696,9720,9936,8,"{""type"":""Point"",""coordinates"":[73.38329441032906,18.803361662342482]}"
234,2176,9560,9656,9616,9936,8,"{""type"":""Point"",""coordinates"":[73.38338927340519,18.803362484195652]}"
235,2189,9536,9656,9616,9960,8,"{""type"":""Point"",""coordinates"":[73.38348413648623,18.80336330600064]}"
236,2189,9528,9592,9504,9944,8,"{""type"":""Point"",""coordinates"":[73.38357899957218,18.803364127757455]}"
237,2193,9520,9552,9536,9920,8,"{""type"":""Point"",""coordinates"":[73.38367386266306,18.803364949466086]}"
238,2193,9560,9536,9504,9832,8,"{""type"":""Point"",""coordinates"":[73.38376872575884,18.803365771126543]}"
239,2201,9480,9528,9528,9840,8,"{""type"":""Point"",""coordinates"":[73.38386358885954,18.803366592738822]}"
240,2201,9416,9480,9440,9792,8,"{""type"":""Point"",""coordinates"":[73.38395845196517,18.803367414302922]}"
241,2225,9352,9472,9472,9752,8,"{""type"":""Point"",""coordinates"":[73.38405331507569,18.803368235818844]}"
242,2225,9376,9472,9496,9728,8,"{""type"":""Point"",""coordinates"":[73.38414817819115,18.803369057286588]}"
243,2249,9376,9384,9456,9664,8,"{""type"":""Point"",""coordinates"":[73.3842430413115,18.803369878706153]}"
244,2249,9280,9368,9456,9640,8,"{""type"":""Point"",""coordinates"":[73.38433790443679,18.80337070007754]}"
245,2279,9240,9368,9408,9640,8,"{""type"":""Point"",""coordinates"":[73.38443276756699,18.80337152140075]}"
246,2279,9232,9336,9392,9576,8,"{""type"":""Point"",""coordinates"":[73.3845276307021,18.80337234267578]}"
247,2307,9208,9384,9392,9592,8,"{""type"":""Point"",""coordinates"":[73.38462249384213,18.803373163902638]}"
248,2307,9144,9368,9440,9520,8,"{""type"":""Point"",""coordinates"":[73.38471735698707,18.803373985081308]}"
249,2367,9168,9360,9392,9552,8,"{""type"":""Point"",""coordinates"":[73.38481222013691,18.803374806211806]}"
250,2367,9168,9360,9392,9544,8,"{""type"":""Point"",""coordinates"":[73.38490708329167,18.803375627294123]}"
251,2401,9152,9288,9408,9552,8,"{""type"":""Point"",""coordinates"":[73.38500194645135,18.803376448328265]}"
252,2401,9152,9320,9392,9552,8,"{""type"":""Point"",""coordinates"":[73.38509680961593,18.80337726931423]}"
253,2411,9144,9328,9376,9544,8,"{""type"":""Point"",""coordinates"":[73.38519167278544,18.803378090252014]}"
254,2411,9104,9288,9416,9536,8,"{""type"":""Point"",""coordinates"":[73.38528653595985,18.803378911141618]}"
255,2396,9128,9288,9416,9520,8,"{""type"":""Point"",""coordinates"":[73.38538139913916,18.80337973198305]}"
256,2396,9128,9288,9440,9520,8,"{""type"":""Point"",""coordinates"":[73.3854762623234,18.8033805527763]}"
257,2385,9080,9368,9368,9520,8,"{""type"":""Point"",""coordinates"":[73.38557112551254,18.80338137352137]}"
258,2385,9064,9328,9392,9544,8,"{""type"":""Point"",""coordinates"":[73.3856659887066,18.803382194218262]}"
259,2144,9920,9880,9856,10184,8,"{""type"":""Point"",""coordinates"":[73.38196719148712,18.80325980880079]}"
260,2144,9784,9920,9840,10120,8,"{""type"":""Point"",""coordinates"":[73.38206205444378,18.803260631324203]}"
261,2106,9728,9824,9832,10056,8,"{""type"":""Point"",""coordinates"":[73.38215691740538,18.803261453799447]}"
262,2106,9696,9840,9808,10048,8,"{""type"":""Point"",""coordinates"":[73.38225178037189,18.80326227622651]}"
263,2111,9632,9824,9768,9968,8,"{""type"":""Point"",""coordinates"":[73.38234664334331,18.8032630986054]}"
264,2111,9568,9784,9792,10008,8,"{""type"":""Point"",""coordinates"":[73.38244150631967,18.803263920936107]}"
265,2117,9520,9768,9784,9992,8,"{""type"":""Point"",""coordinates"":[73.38253636930092,18.803264743218634]}"
266,2117,9504,9800,9760,9888,8,"{""type"":""Point"",""coordinates"":[73.38263123228712,18.80326556545299]}"
267,2107,9504,9768,9752,9856,8,"{""type"":""Point"",""coordinates"":[73.38272609527823,18.803266387639162]}"
268,2107,9472,9704,9744,9832,8,"{""type"":""Point"",""coordinates"":[73.38282095827425,18.80326720977716]}"
269,2119,9432,9656,9768,9864,8,"{""type"":""Point"",""coordinates"":[73.38291582127519,18.80326803186698]}"
270,2119,9368,9632,9792,9744,8,"{""type"":""Point"",""coordinates"":[73.38301068428106,18.803268853908623]}"
271,2164,9384,9632,9760,9792,8,"{""type"":""Point"",""coordinates"":[73.38310554729185,18.803269675902087]}"
272,2164,9368,9664,9744,9864,8,"{""type"":""Point"",""coordinates"":[73.38320041030755,18.80327049784737]}"
273,2184,9384,9696,9744,9872,8,"{""type"":""Point"",""coordinates"":[73.38329527332817,18.803271319744482]}"
274,2184,9432,9688,9624,9928,8,"{""type"":""Point"",""coordinates"":[73.38339013635371,18.80327214159341]}"
275,2195,9488,9696,9592,9928,8,"{""type"":""Point"",""coordinates"":[73.38348499938415,18.803272963394164]}"
276,2195,9480,9664,9528,9896,8,"{""type"":""Point"",""coordinates"":[73.38357986241954,18.803273785146743]}"
277,2180,9416,9616,9568,9856,8,"{""type"":""Point"",""coordinates"":[73.38367472545981,18.803274606851144]}"
278,2180,9416,9536,9520,9824,8,"{""type"":""Point"",""coordinates"":[73.38376958850502,18.80327542850736]}"
279,2167,9416,9528,9504,9824,8,"{""type"":""Point"",""coordinates"":[73.38386445155514,18.803276250115406]}"
280,2167,9416,9480,9472,9808,8,"{""type"":""Point"",""coordinates"":[73.38395931461018,18.803277071675268]}"
281,2168,9416,9480,9504,9768,8,"{""type"":""Point"",""coordinates"":[73.38405417767012,18.80327789318696]}"
282,2168,9368,9408,9464,9744,8,"{""type"":""Point"",""coordinates"":[73.384149040735,18.803278714650464]}"
283,2215,9280,9368,9440,9672,8,"{""type"":""Point"",""coordinates"":[73.38424390380477,18.803279536065794]}"
284,2215,9256,9368,9432,9632,8,"{""type"":""Point"",""coordinates"":[73.38433876687948,18.80328035743295]}"
285,2259,9256,9328,9408,9632,8,"{""type"":""Point"",""coordinates"":[73.38443362995908,18.803281178751927]}"
286,2259,9232,9328,9392,9552,8,"{""type"":""Point"",""coordinates"":[73.38452849304362,18.803282000022723]}"
287,2303,9168,9384,9392,9592,8,"{""type"":""Point"",""coordinates"":[73.38462335613305,18.803282821245343]}"
288,2303,9168,9368,9432,9552,8,"{""type"":""Point"",""coordinates"":[73.3847182192274,18.803283642419785]}"
289,2369,9168,9328,9392,9552,8,"{""type"":""Point"",""coordinates"":[73.38481308232666,18.80328446354605]}"
290,2369,9208,9288,9392,9520,8,"{""type"":""Point"",""coordinates"":[73.38490794543084,18.803285284624135]}"
291,2363,9152,9280,9408,9552,8,"{""type"":""Point"",""coordinates"":[73.38500280853994,18.803286105654042]}"
292,2363,9104,9288,9408,9552,8,"{""type"":""Point"",""coordinates"":[73.38509767165392,18.803286926635778]}"
293,2345,9080,9248,9392,9472,8,"{""type"":""Point"",""coordinates"":[73.38519253477286,18.803287747569325]}"
294,2345,9064,9272,9408,9480,8,"{""type"":""Point"",""coordinates"":[73.38528739789669,18.8032885684547]}"
295,2351,9104,9288,9440,9416,8,"{""type"":""Point"",""coordinates"":[73.38538226102541,18.803289389291898]}"
296,2351,9064,9248,9416,9456,8,"{""type"":""Point"",""coordinates"":[73.38547712415907,18.803290210080917]}"
297,2368,9064,9288,9352,9520,8,"{""type"":""Point"",""coordinates"":[73.38557198729762,18.803291030821757]}"
298,2368,9112,9288,9368,9480,8,"{""type"":""Point"",""coordinates"":[73.3856668504411,18.803291851514423]}"
299,2402,9128,9272,9368,9520,8,"{""type"":""Point"",""coordinates"":[73.38576171358947,18.803292672158907]}"
300,2144,9736,9880,9880,10136,8,"{""type"":""Point"",""coordinates"":[73.38206291809557,18.80317028878039]}"
301,2106,9632,9800,9888,10048,8,"{""type"":""Point"",""coordinates"":[73.38215778100657,18.803171111251388]}"
302,2106,9592,9824,9880,9992,8,"{""type"":""Point"",""coordinates"":[73.3822526439225,18.80317193367421]}"
303,2111,9592,9824,9832,9960,8,"{""type"":""Point"",""coordinates"":[73.38234750684333,18.803172756048856]}"
304,2111,9528,9768,9832,9896,8,"{""type"":""Point"",""coordinates"":[73.38244236976911,18.803173578375326]}"
305,2117,9568,9664,9808,9896,8,"{""type"":""Point"",""coordinates"":[73.38253723269979,18.803174400653617]}"
306,2117,9520,9664,9704,9816,8,"{""type"":""Point"",""coordinates"":[73.38263209563539,18.80317522288373]}"
307,2107,9472,9632,9784,9824,8,"{""type"":""Point"",""coordinates"":[73.38272695857592,18.80317604506567]}"
308,2107,9504,9608,9768,9752,8,"{""type"":""Point"",""coordinates"":[73.38282182152136,18.80317686719943]}"
309,2119,9416,9592,9760,9768,8,"{""type"":""Point"",""coordinates"":[73.38291668447172,18.80317768928501]}"
310,2119,9392,9552,9768,9768,8,"{""type"":""Point"",""coordinates"":[73.383011547427,18.803178511322415]}"
311,2164,9336,9568,9768,9768,8,"{""type"":""Point"",""coordinates"":[73.38310641038719,18.803179333311643]}"
312,2164,9288,9632,9728,9824,8,"{""type"":""Point"",""coordinates"":[73.38320127335231,18.80318015525269]}"
313,2184,9336,9664,9720,9864,8,"{""type"":""Point"",""coordinates"":[73.38329613632236,18.803180977145566]}"
314,2184,9432,9656,9656,9864,8,"{""type"":""Point"",""coordinates"":[73.3833909992973,18.80318179899026]}"
315,2195,9480,9672,9592,9856,8,"{""type"":""Point"",""coordinates"":[73.38348586227718,18.803182620786778]}"
316,2195,9416,9672,9616,9832,8,"{""type"":""Point"",""coordinates"":[73.38358072526196,18.803183442535115]}"
317,2180,9384,9664,9584,9776,8,"{""type"":""Point"",""coordinates"":[73.38367558825166,18.80318426423528]}"
318,2180,9376,9536,9520,9816,8,"{""type"":""Point"",""coordinates"":[73.38377045124629,18.80318508588726]}"
319,2167,9352,9528,9536,9808,8,"{""type"":""Point"",""coordinates"":[73.38386531424581,18.80318590749107]}"
320,2167,9416,9528,9504,9760,8,"{""type"":""Point"",""coordinates"":[73.38396017725027,18.8031867290467]}"
321,2168,9352,9416,9472,9712,8,"{""type"":""Point"",""coordinates"":[73.38405504025965,18.803187550554153]}"
322,2168,9304,9408,9432,9712,8,"{""type"":""Point"",""coordinates"":[73.38414990327392,18.803188372013427]}"
323,2215,9272,9376,9392,9672,8,"{""type"":""Point"",""coordinates"":[73.38424476629311,18.803189193424522]}"
324,2215,9272,9360,9432,9640,8,"{""type"":""Point"",""coordinates"":[73.38433962931724,18.803190014787443]}"
325,2259,9168,9328,9432,9584,8,"{""type"":""Point"",""coordinates"":[73.38443449234626,18.803190836102186]}"
326,2259,9144,9328,9368,9552,8,"{""type"":""Point"",""coordinates"":[73.38452935538021,18.80319165736875]}"
327,2303,9144,9360,9368,9584,8,"{""type"":""Point"",""coordinates"":[73.38462421841905,18.803192478587135]}"
328,2303,9168,9288,9352,9552,8,"{""type"":""Point"",""coordinates"":[73.38471908146282,18.803193299757346]}"
329,2369,9184,9288,9392,9504,8,"{""type"":""Point"",""coordinates"":[73.38481394451149,18.803194120879375]}"
330,2369,9176,9280,9408,9536,8,"{""type"":""Point"",""coordinates"":[73.3849088075651,18.80319494195323]}"
331,2363,9152,9232,9392,9520,8,"{""type"":""Point"",""coordinates"":[73.3850036706236,18.803195762978905]}"
332,2363,9104,9248,9392,9480,8,"{""type"":""Point"",""coordinates"":[73.38509853368701,18.803196583956407]}"
333,2345,9144,9248,9416,9472,8,"{""type"":""Point"",""coordinates"":[73.38519339675535,18.803197404885726]}"
334,2345,9064,9272,9408,9496,8,"{""type"":""Point"",""coordinates"":[73.3852882598286,18.803198225766867]}"
335,2351,9064,9272,9416,9448,8,"{""type"":""Point"",""coordinates"":[73.38538312290675,18.803199046599833]}"
336,2351,9000,9224,9368,9464,8,"{""type"":""Point"",""coordinates"":[73.38547798598982,18.80319986738462]}"
337,2368,8984,9224,9368,9480,8,"{""type"":""Point"",""coordinates"":[73.38557284907779,18.803200688121233]}"
338,2368,9040,9208,9352,9464,8,"{""type"":""Point"",""coordinates"":[73.38566771217067,18.803201508809664]}"
339,2402,9064,9288,9352,9464,8,"{""type"":""Point"",""coordinates"":[73.38576257526849,18.80320232944992]}"
340,2115,9752,9848,9904,10088,8,"{""type"":""Point"",""coordinates"":[73.38206378174242,18.80307994623566]}"
341,2089,9696,9800,9920,10000,8,"{""type"":""Point"",""coordinates"":[73.38215864460284,18.803080768702422]}"
342,2089,9632,9784,9888,9896,8,"{""type"":""Point"",""coordinates"":[73.38225350746818,18.803081591121007]}"
343,2107,9592,9736,9832,9872,8,"{""type"":""Point"",""coordinates"":[73.38234837033845,18.803082413491413]}"
344,2107,9528,9664,9808,9864,8,"{""type"":""Point"",""coordinates"":[73.38244323321362,18.80308323581364]}"
345,2119,9528,9608,9784,9928,8,"{""type"":""Point"",""coordinates"":[73.38253809609373,18.803084058087695]}"
346,2119,9520,9600,9752,9840,8,"{""type"":""Point"",""coordinates"":[73.38263295897875,18.803084880313573]}"
347,2120,9456,9520,9752,9808,8,"{""type"":""Point"",""coordinates"":[73.38272782186868,18.80308570249127]}"
348,2120,9496,9480,9744,9776,8,"{""type"":""Point"",""coordinates"":[73.38282268476354,18.80308652462079]}"
349,2134,9432,9512,9752,9752,8,"{""type"":""Point"",""coordinates"":[73.38291754766333,18.803087346702135]}"
350,2134,9432,9552,9720,9744,8,"{""type"":""Point"",""coordinates"":[73.38301241056803,18.803088168735304]}"
351,2160,9368,9528,9688,9744,8,"{""type"":""Point"",""coordinates"":[73.38310727347765,18.80308899072029]}"
352,2160,9352,9552,9688,9744,8,"{""type"":""Point"",""coordinates"":[73.38320213639216,18.803089812657106]}"
353,2168,9352,9632,9680,9728,8,"{""type"":""Point"",""coordinates"":[73.38329699931163,18.80309063454574]}"
354,2168,9432,9664,9656,9808,8,"{""type"":""Point"",""coordinates"":[73.38339186223598,18.8030914563862]}"
355,2169,9376,9592,9568,9768,8,"{""type"":""Point"",""coordinates"":[73.38348672516528,18.80309227817848]}"
356,2169,9320,9640,9592,9808,8,"{""type"":""Point"",""coordinates"":[73.38358158809947,18.803093099922584]}"
357,2149,9344,9616,9568,9760,8,"{""type"":""Point"",""coordinates"":[73.38367645103861,18.803093921618512]}"
358,2149,9352,9536,9592,9760,8,"{""type"":""Point"",""coordinates"":[73.38377131398263,18.80309474326626]}"
359,2146,9312,9528,9568,9752,8,"{""type"":""Point"",""coordinates"":[73.38386617693158,18.80309556486583]}"
360,2146,9288,9504,9536,9760,8,"{""type"":""Point"",""coordinates"":[73.38396103988546,18.803096386417227]}"
361,2144,9312,9472,9520,9712,8,"{""type"":""Point"",""coordinates"":[73.38405590284424,18.803097207920445]}"
362,2144,9280,9472,9432,9680,8,"{""type"":""Point"",""coordinates"":[73.38415076580795,18.803098029375484]}"
363,2185,9240,9368,9432,9608,8,"{""type"":""Point"",""coordinates"":[73.38424562877654,18.803098850782348]}"
364,2185,9208,9360,9464,9608,8,"{""type"":""Point"",""coordinates"":[73.38434049175008,18.803099672141034]}"
365,2254,9168,9288,9392,9592,8,"{""type"":""Point"",""coordinates"":[73.38443535472852,18.80310049345154]}"
366,2254,9144,9272,9328,9584,8,"{""type"":""Point"",""coordinates"":[73.38453021771188,18.80310131471387]}"
367,2315,9168,9240,9392,9568,8,"{""type"":""Point"",""coordinates"":[73.38462508070015,18.803102135928025]}"
368,2315,9152,9320,9352,9576,8,"{""type"":""Point"",""coordinates"":[73.38471994369334,18.803102957093998]}"
369,2353,9152,9328,9344,9496,8,"{""type"":""Point"",""coordinates"":[73.38481480669144,18.8031037782118]}"
370,2353,9104,9280,9392,9480,8,"{""type"":""Point"",""coordinates"":[73.38490966969444,18.803104599281422]}"
371,2329,9128,9240,9368,9504,8,"{""type"":""Point"",""coordinates"":[73.38500453270237,18.803105420302863]}"
372,2329,9064,9224,9352,9472,8,"{""type"":""Point"",""coordinates"":[73.3850993957152,18.80310624127613]}"
373,2304,9064,9248,9352,9464,8,"{""type"":""Point"",""coordinates"":[73.38519425873295,18.80310706220122]}"
374,2304,9040,9240,9368,9456,8,"{""type"":""Point"",""coordinates"":[73.3852891217556,18.80310788307813]}"
375,2325,8992,9224,9368,9440,8,"{""type"":""Point"",""coordinates"":[73.38538398478318,18.803108703906865]}"
376,2325,8968,9208,9368,9416,8,"{""type"":""Point"",""coordinates"":[73.38547884781565,18.80310952468742]}"
377,2353,8952,9176,9344,9416,8,"{""type"":""Point"",""coordinates"":[73.38557371085305,18.803110345419803]}"
378,2353,9000,9224,9328,9416,8,"{""type"":""Point"",""coordinates"":[73.38566857389536,18.803111166104003]}"
379,2382,9040,9272,9304,9520,8,"{""type"":""Point"",""coordinates"":[73.38576343694255,18.803111986740028]}"
380,2089,9704,9768,9896,9928,8,"{""type"":""Point"",""coordinates"":[73.38215950819418,18.80299042615254]}"
381,2089,9592,9704,9832,9904,8,"{""type"":""Point"",""coordinates"":[73.38225437100894,18.802991248566887]}"
382,2107,9568,9632,9832,9896,8,"{""type"":""Point"",""coordinates"":[73.38234923382862,18.802992070933055]}"
383,2107,9520,9632,9824,9864,8,"{""type"":""Point"",""coordinates"":[73.38244409665323,18.802992893251044]}"
384,2119,9424,9568,9784,9864,8,"{""type"":""Point"",""coordinates"":[73.38253895948274,18.802993715520856]}"
385,2119,9480,9544,9760,9808,8,"{""type"":""Point"",""coordinates"":[73.38263382231717,18.802994537742492]}"
386,2120,9472,9528,9728,9824,8,"{""type"":""Point"",""coordinates"":[73.38272868515652,18.802995359915958]}"
387,2120,9432,9480,9696,9816,8,"{""type"":""Point"",""coordinates"":[73.38282354800081,18.802996182041237]}"
388,2134,9432,9480,9728,9728,8,"{""type"":""Point"",""coordinates"":[73.38291841085001,18.802997004118346]}"
389,2134,9432,9464,9728,9672,8,"{""type"":""Point"",""coordinates"":[73.38301327370412,18.802997826147276]}"
390,2160,9368,9512,9696,9680,8,"{""type"":""Point"",""coordinates"":[73.38310813656315,18.80299864812803]}"
391,2160,9312,9552,9696,9712,8,"{""type"":""Point"",""coordinates"":[73.3832029994271,18.802999470060602]}"
392,2168,9320,9552,9688,9728,8,"{""type"":""Point"",""coordinates"":[73.38329786229596,18.803000291945004]}"
393,2168,9352,9616,9656,9720,8,"{""type"":""Point"",""coordinates"":[73.38339272516976,18.803001113781225]}"
394,2169,9312,9536,9616,9752,8,"{""type"":""Point"",""coordinates"":[73.38348758804845,18.80300193556927]}"
395,2169,9320,9560,9600,9808,8,"{""type"":""Point"",""coordinates"":[73.38358245093207,18.803002757309137]}"
396,2149,9344,9560,9568,9728,8,"{""type"":""Point"",""coordinates"":[73.38367731382061,18.80300357900083]}"
397,2149,9344,9536,9616,9704,8,"{""type"":""Point"",""coordinates"":[73.38377217671407,18.803004400644344]}"
398,2146,9320,9536,9568,9720,8,"{""type"":""Point"",""coordinates"":[73.38386703961244,18.80300522223968]}"
399,2146,9336,9440,9544,9712,8,"{""type"":""Point"",""coordinates"":[73.38396190251572,18.803006043786837]}"
400,2144,9288,9464,9464,9744,8,"{""type"":""Point"",""coordinates"":[73.38405676542392,18.803006865285823]}"
401,2144,9240,9408,9464,9712,8,"{""type"":""Point"",""coordinates"":[73.38415162833704,18.803007686736624]}"
402,2185,9208,9336,9392,9616,8,"{""type"":""Point"",""coordinates"":[73.38424649125507,18.803008508139254]}"
403,2185,9144,9288,9432,9584,8,"{""type"":""Point"",""coordinates"":[73.38434135417802,18.803009329493708]}"
404,2254,9240,9248,9408,9552,8,"{""type"":""Point"",""coordinates"":[73.38443621710587,18.80301015079998]}"
405,2254,9144,9320,9408,9584,8,"{""type"":""Point"",""coordinates"":[73.38453108003864,18.80301097205808]}"
406,2315,9152,9248,9392,9512,8,"{""type"":""Point"",""coordinates"":[73.38462594297633,18.803011793268]}"
407,2315,9152,9320,9376,9568,8,"{""type"":""Point"",""coordinates"":[73.38472080591893,18.80301261442974]}"
408,2353,9176,9272,9352,9520,8,"{""type"":""Point"",""coordinates"":[73.38481566886645,18.803013435543306]}"
409,2353,9112,9240,9328,9472,8,"{""type"":""Point"",""coordinates"":[73.38491053181887,18.803014256608694]}"
410,2329,9104,9224,9328,9456,8,"{""type"":""Point"",""coordinates"":[73.3850053947762,18.803015077625908]}"
411,2329,9040,9176,9328,9480,8,"{""type"":""Point"",""coordinates"":[73.38510025773846,18.803015898594943]}"
412,2304,9040,9208,9328,9448,8,"{""type"":""Point"",""coordinates"":[73.38519512070562,18.803016719515796]}"
413,2304,9016,9176,9320,9400,8,"{""type"":""Point"",""coordinates"":[73.38528998367771,18.803017540388478]}"
414,2325,8968,9176,9320,9400,8,"{""type"":""Point"",""coordinates"":[73.38538484665467,18.80301836121298]}"
415,2325,8984,9184,9368,9416,8,"{""type"":""Point"",""coordinates"":[73.38547970963658,18.80301918198931]}"
416,2353,8968,9176,9328,9368,8,"{""type"":""Point"",""coordinates"":[73.3855745726234,18.803020002717457]}"
417,2353,8936,9232,9344,9392,8,"{""type"":""Point"",""coordinates"":[73.38566943561511,18.80302082339743]}"
418,2085,9592,9656,9816,9896,8,"{""type"":""Point"",""coordinates"":[73.38225523454479,18.802900906011853]}"
419,2100,9528,9608,9768,9928,8,"{""type"":""Point"",""coordinates"":[73.38235009731389,18.802901728373783]}"
420,2100,9472,9656,9808,9824,8,"{""type"":""Point"",""coordinates"":[73.3824449600879,18.802902550687538]}"
421,2103,9472,9568,9744,9824,8,"{""type"":""Point"",""coordinates"":[73.38253982286683,18.80290337295311]}"
422,2103,9376,9528,9696,9832,8,"{""type"":""Point"",""coordinates"":[73.3826346856507,18.802904195170505]}"
423,2115,9416,9528,9704,9832,8,"{""type"":""Point"",""coordinates"":[73.38272954843946,18.802905017339732]}"
424,2115,9392,9464,9664,9744,8,"{""type"":""Point"",""coordinates"":[73.38282441123316,18.802905839460774]}"
425,2145,9392,9432,9632,9704,8,"{""type"":""Point"",""coordinates"":[73.38291927403178,18.802906661533644]}"
426,2145,9392,9408,9656,9704,8,"{""type"":""Point"",""coordinates"":[73.3830141368353,18.802907483558336]}"
427,2153,9368,9456,9696,9672,8,"{""type"":""Point"",""coordinates"":[73.38310899964375,18.80290830553485]}"
428,2153,9352,9504,9744,9728,8,"{""type"":""Point"",""coordinates"":[73.38320386245711,18.80290912746319]}"
429,2155,9384,9520,9760,9744,8,"{""type"":""Point"",""coordinates"":[73.3832987252754,18.802909949343356]}"
430,2155,9416,9552,9760,9752,8,"{""type"":""Point"",""coordinates"":[73.3833935880986,18.802910771175338]}"
431,2150,9384,9560,9688,9752,8,"{""type"":""Point"",""coordinates"":[73.38348845092673,18.802911592959145]}"
432,2150,9352,9552,9624,9712,8,"{""type"":""Point"",""coordinates"":[73.38358331375976,18.80291241469478]}"
433,2128,9288,9504,9600,9712,8,"{""type"":""Point"",""coordinates"":[73.38367817659773,18.80291323638223]}"
434,2128,9248,9456,9600,9656,8,"{""type"":""Point"",""coordinates"":[73.38377303944058,18.80291405802151]}"
435,2125,9272,9432,9584,9672,8,"{""type"":""Point"",""coordinates"":[73.38386790228836,18.80291487961261]}"
436,2125,9272,9432,9544,9672,8,"{""type"":""Point"",""coordinates"":[73.38396276514106,18.802915701155538]}"
437,2146,9312,9408,9432,9672,8,"{""type"":""Point"",""coordinates"":[73.38405762799869,18.802916522650285]}"
438,2146,9280,9360,9432,9672,8,"{""type"":""Point"",""coordinates"":[73.38415249086123,18.80291734409686]}"
439,2178,9168,9328,9368,9608,8,"{""type"":""Point"",""coordinates"":[73.38424735372868,18.802918165495253]}"
440,2178,9168,9280,9392,9520,8,"{""type"":""Point"",""coordinates"":[73.38434221660103,18.80291898684547]}"
441,2254,9208,9232,9352,9520,8,"{""type"":""Point"",""coordinates"":[73.38443707947832,18.80291980814751]}"
442,2254,9144,9272,9392,9552,8,"{""type"":""Point"",""coordinates"":[73.3845319423605,18.802920629401374]}"
443,2317,9128,9272,9320,9544,8,"{""type"":""Point"",""coordinates"":[73.3846268052476,18.80292145060706]}"
444,2317,9144,9232,9328,9544,8,"{""type"":""Point"",""coordinates"":[73.38472166813962,18.80292227176457]}"
445,2346,9152,9224,9344,9552,8,"{""type"":""Point"",""coordinates"":[73.38481653103655,18.802923092873904]}"
446,2346,9104,9208,9304,9448,8,"{""type"":""Point"",""coordinates"":[73.3849113939384,18.802923913935057]}"
447,2322,9104,9184,9352,9456,8,"{""type"":""Point"",""coordinates"":[73.38500625684514,18.80292473494804]}"
448,2322,9064,9184,9368,9464,8,"{""type"":""Point"",""coordinates"":[73.38510111975681,18.80292555591284]}"
449,2308,9040,9144,9320,9416,8,"{""type"":""Point"",""coordinates"":[73.3851959826734,18.802926376829465]}"
450,2308,9040,9176,9304,9352,8,"{""type"":""Point"",""coordinates"":[73.3852908455949,18.802927197697915]}"
451,2323,9000,9160,9272,9352,8,"{""type"":""Point"",""coordinates"":[73.38538570852128,18.802928018518184]}"
452,2323,8960,9152,9320,9392,8,"{""type"":""Point"",""coordinates"":[73.3854805714526,18.802928839290278]}"
453,2346,8920,9128,9344,9376,8,"{""type"":""Point"",""coordinates"":[73.38557543438883,18.802929660014197]}"
454,2085,9632,9656,9768,9928,8,"{""type"":""Point"",""coordinates"":[73.38225609807571,18.802810563455907]}"
455,2100,9504,9552,9744,9856,8,"{""type"":""Point"",""coordinates"":[73.38235096079423,18.802811385813598]}"
456,2100,9424,9600,9728,9808,8,"{""type"":""Point"",""coordinates"":[73.38244582351766,18.80281220812311]}"
457,2103,9392,9608,9664,9808,8,"{""type"":""Point"",""coordinates"":[73.38254068624602,18.80281303038445]}"
458,2103,9320,9544,9616,9832,8,"{""type"":""Point"",""coordinates"":[73.38263554897928,18.80281385259761]}"
459,2115,9352,9520,9600,9744,8,"{""type"":""Point"",""coordinates"":[73.38273041171749,18.80281467476259]}"
460,2115,9352,9456,9600,9744,8,"{""type"":""Point"",""coordinates"":[73.38282527446059,18.8028154968794]}"
461,2145,9336,9464,9600,9744,8,"{""type"":""Point"",""coordinates"":[73.38292013720861,18.802816318948032]}"
462,2145,9368,9424,9616,9728,8,"{""type"":""Point"",""coordinates"":[73.38301499996157,18.802817140968486]}"
463,2153,9384,9456,9616,9672,8,"{""type"":""Point"",""coordinates"":[73.38310986271944,18.802817962940765]}"
464,2153,9392,9480,9696,9640,8,"{""type"":""Point"",""coordinates"":[73.38320472548222,18.802818784864865]}"
465,2155,9416,9432,9728,9672,8,"{""type"":""Point"",""coordinates"":[73.38329958824991,18.80281960674079]}"
466,2155,9416,9520,9696,9752,8,"{""type"":""Point"",""coordinates"":[73.38339445102254,18.802820428568538]}"
467,2150,9352,9456,9680,9672,8,"{""type"":""Point"",""coordinates"":[73.38348931380007,18.80282125034811]}"
468,2150,9304,9432,9624,9632,8,"{""type"":""Point"",""coordinates"":[73.38358417658253,18.802822072079508]}"
469,2128,9272,9416,9592,9656,8,"{""type"":""Point"",""coordinates"":[73.38367903936991,18.802822893762727]}"
470,2128,9248,9416,9568,9592,8,"{""type"":""Point"",""coordinates"":[73.38377390216219,18.802823715397768]}"
471,2125,9280,9408,9528,9648,8,"{""type"":""Point"",""coordinates"":[73.38386876495939,18.802824536984634]}"
472,2125,9240,9432,9464,9672,8,"{""type"":""Point"",""coordinates"":[73.3839636277615,18.80282535852332]}"
473,2146,9272,9408,9480,9616,8,"{""type"":""Point"",""coordinates"":[73.38405849056855,18.802826180013838]}"
474,2146,9288,9368,9440,9584,8,"{""type"":""Point"",""coordinates"":[73.38415335338048,18.802827001456176]}"
475,2178,9168,9288,9392,9544,8,"{""type"":""Point"",""coordinates"":[73.38424821619736,18.802827822850336]}"
476,2178,9128,9248,9368,9544,8,"{""type"":""Point"",""coordinates"":[73.38434307901913,18.802828644196317]}"
477,2254,9144,9248,9392,9544,8,"{""type"":""Point"",""coordinates"":[73.38443794184583,18.802829465494124]}"
478,2254,9152,9248,9368,9544,8,"{""type"":""Point"",""coordinates"":[73.38453280467743,18.802830286743756]}"
479,2317,9152,9280,9304,9520,8,"{""type"":""Point"",""coordinates"":[73.38462766751395,18.802831107945206]}"
480,2317,9144,9232,9328,9520,8,"{""type"":""Point"",""coordinates"":[73.38472253035539,18.802831929098488]}"
481,2346,9128,9240,9344,9504,8,"{""type"":""Point"",""coordinates"":[73.38481739320174,18.80283275020359]}"
482,2346,9128,9224,9280,9448,8,"{""type"":""Point"",""coordinates"":[73.384912256053,18.80283357126051]}"
483,2322,9112,9184,9280,9480,8,"{""type"":""Point"",""coordinates"":[73.38500711890917,18.802834392269258]}"
484,2322,9040,9176,9272,9400,8,"{""type"":""Point"",""coordinates"":[73.38510198177026,18.802835213229827]}"
485,2308,8992,9104,9272,9416,8,"{""type"":""Point"",""coordinates"":[73.38519684463624,18.80283603414222]}"
486,2308,8984,9128,9264,9328,8,"{""type"":""Point"",""coordinates"":[73.38529170750715,18.802836855006436]}"
487,2323,8992,9088,9280,9376,8,"{""type"":""Point"",""coordinates"":[73.38538657038298,18.802837675822477]}"
488,2323,8936,9096,9280,9352,8,"{""type"":""Point"",""coordinates"":[73.38548143326372,18.802838496590343]}"
489,2040,9424,9552,9688,9768,8,"{""type"":""Point"",""coordinates"":[73.38235182426965,18.802721043252504]}"
490,2040,9368,9552,9640,9808,8,"{""type"":""Point"",""coordinates"":[73.3824466869425,18.80272186555778]}"
491,2037,9328,9568,9600,9808,8,"{""type"":""Point"",""coordinates"":[73.38254154962027,18.802722687814878]}"
492,2037,9352,9552,9584,9760,8,"{""type"":""Point"",""coordinates"":[73.38263641230296,18.8027235100238]}"
493,2080,9336,9544,9552,9680,8,"{""type"":""Point"",""coordinates"":[73.38273127499058,18.802724332184546]}"
494,2080,9352,9552,9584,9760,8,"{""type"":""Point"",""coordinates"":[73.3828261376831,18.802725154297114]}"
495,2131,9336,9480,9552,9728,8,"{""type"":""Point"",""coordinates"":[73.38292100038055,18.802725976361508]}"
496,2131,9368,9456,9552,9744,8,"{""type"":""Point"",""coordinates"":[73.3830158630829,18.802726798377726]}"
497,2154,9368,9408,9584,9728,8,"{""type"":""Point"",""coordinates"":[73.3831107257902,18.802727620345767]}"
498,2154,9392,9408,9600,9712,8,"{""type"":""Point"",""coordinates"":[73.38320558850239,18.802728442265632]}"
499,2179,9352,9472,9624,9704,8,"{""type"":""Point"",""coordinates"":[73.38330045121951,18.80272926413732]}"
500,2179,9344,9504,9624,9752,8,"{""type"":""Point"",""coordinates"":[73.38339531394155,18.802730085960835]}"
501,2157,9304,9440,9632,9680,8,"{""type"":""Point"",""coordinates"":[73.38349017666852,18.80273090773617]}"
502,2157,9304,9440,9624,9656,8,"{""type"":""Point"",""coordinates"":[73.38358503940037,18.80273172946333]}"
503,2129,9312,9416,9616,9664,8,"{""type"":""Point"",""coordinates"":[73.38367990213716,18.802732551142313]}"
504,2129,9320,9392,9528,9640,8,"{""type"":""Point"",""coordinates"":[73.38377476487888,18.802733372773115]}"
505,2126,9280,9408,9504,9632,8,"{""type"":""Point"",""coordinates"":[73.38386962762549,18.802734194355747]}"
506,2126,9256,9432,9456,9616,8,"{""type"":""Point"",""coordinates"":[73.38396449037704,18.802735015890207]}"
507,2161,9168,9368,9464,9616,8,"{""type"":""Point"",""coordinates"":[73.38405935313348,18.802735837376485]}"
508,2161,9208,9360,9408,9592,8,"{""type"":""Point"",""coordinates"":[73.38415421589484,18.802736658814585]}"
509,2176,9216,9272,9368,9520,8,"{""type"":""Point"",""coordinates"":[73.38424907866114,18.80273748020451]}"
510,2176,9152,9320,9392,9552,8,"{""type"":""Point"",""coordinates"":[73.38434394143233,18.80273830154626]}"
511,2226,9152,9280,9344,9552,8,"{""type"":""Point"",""coordinates"":[73.38443880420844,18.802739122839835]}"
512,2226,9176,9224,9328,9520,8,"{""type"":""Point"",""coordinates"":[73.38453366698946,18.80273994408523]}"
513,2286,9176,9224,9280,9496,8,"{""type"":""Point"",""coordinates"":[73.3846285297754,18.80274076528245]}"
514,2286,9144,9208,9280,9504,8,"{""type"":""Point"",""coordinates"":[73.38472339256624,18.80274158643149]}"
515,2330,9104,9224,9280,9456,8,"{""type"":""Point"",""coordinates"":[73.384818255362,18.80274240753236]}"
516,2330,9128,9184,9232,9440,8,"{""type"":""Point"",""coordinates"":[73.38491311816269,18.80274322858505]}"
517,2318,9144,9160,9264,9440,8,"{""type"":""Point"",""coordinates"":[73.38500798096828,18.802744049589567]}"
518,2318,9040,9144,9232,9368,8,"{""type"":""Point"",""coordinates"":[73.38510284377878,18.802744870545904]}"
519,2312,9032,9096,9216,9368,8,"{""type"":""Point"",""coordinates"":[73.3851977065942,18.802745691454067]}"
520,2312,8984,9088,9200,9352,8,"{""type"":""Point"",""coordinates"":[73.38529256941453,18.80274651231405]}"
521,2330,8920,9072,9240,9376,8,"{""type"":""Point"",""coordinates"":[73.38538743223975,18.802747333125858]}"
522,2040,9424,9656,9680,9816,8,"{""type"":""Point"",""coordinates"":[73.38235268774014,18.802630700690496]}"
523,2040,9352,9608,9640,9760,8,"{""type"":""Point"",""coordinates"":[73.38244755036241,18.802631522991533]}"
524,2037,9296,9528,9584,9728,8,"{""type"":""Point"",""coordinates"":[73.38254241298961,18.80263234524439]}"
525,2037,9328,9496,9584,9712,8,"{""type"":""Point"",""coordinates"":[73.38263727562172,18.80263316744907]}"
526,2080,9312,9504,9536,9704,8,"{""type"":""Point"",""coordinates"":[73.38273213825875,18.80263398960558]}"
527,2080,9304,9504,9536,9672,8,"{""type"":""Point"",""coordinates"":[73.38282700090069,18.80263481171391]}"
528,2131,9320,9504,9440,9704,8,"{""type"":""Point"",""coordinates"":[73.38292186354755,18.80263563377407]}"
529,2131,9392,9480,9552,9752,8,"{""type"":""Point"",""coordinates"":[73.38301672619934,18.802636455786047]}"
530,2154,9480,9456,9552,9760,8,"{""type"":""Point"",""coordinates"":[73.38311158885604,18.802637277749852]}"
531,2154,9432,9456,9552,9768,8,"{""type"":""Point"",""coordinates"":[73.38320645151765,18.80263809966548]}"
532,2179,9384,9456,9616,9720,8,"{""type"":""Point"",""coordinates"":[73.38330131418421,18.80263892153293]}"
533,2179,9416,9480,9624,9720,8,"{""type"":""Point"",""coordinates"":[73.38339617685565,18.802639743352206]}"
534,2157,9384,9504,9568,9680,8,"{""type"":""Point"",""coordinates"":[73.38349103953202,18.802640565123305]}"
535,2157,9344,9416,9568,9632,8,"{""type"":""Point"",""coordinates"":[73.38358590221331,18.80264138684623]}"
536,2129,9304,9384,9528,9656,8,"{""type"":""Point"",""coordinates"":[73.38368076489952,18.80264220852098]}"
537,2129,9304,9368,9464,9656,8,"{""type"":""Point"",""coordinates"":[73.38377562759065,18.80264303014755]}"
538,2126,9312,9368,9504,9584,8,"{""type"":""Point"",""coordinates"":[73.38387049028668,18.802643851725946]}"
539,2126,9280,9416,9512,9584,8,"{""type"":""Point"",""coordinates"":[73.38396535298763,18.802644673256165]}"
540,2161,9208,9376,9392,9632,8,"{""type"":""Point"",""coordinates"":[73.3840602156935,18.802645494738208]}"
541,2161,9240,9336,9392,9608,8,"{""type"":""Point"",""coordinates"":[73.38415507840428,18.802646316172076]}"
542,2176,9208,9232,9328,9480,8,"{""type"":""Point"",""coordinates"":[73.38424994111998,18.80264713755777]}"
543,2176,9176,9272,9392,9520,8,"{""type"":""Point"",""coordinates"":[73.38434480384059,18.80264795889528]}"
544,2226,9208,9248,9328,9520,8,"{""type"":""Point"",""coordinates"":[73.38443966656612,18.802648780184622]}"
545,2226,9216,9272,9320,9520,8,"{""type"":""Point"",""coordinates"":[73.38453452929657,18.802649601425784]}"
546,2286,9208,9208,9344,9520,8,"{""type"":""Point"",""coordinates"":[73.38462939203193,18.802650422618772]}"
547,2286,9144,9176,9320,9520,8,"{""type"":""Point"",""coordinates"":[73.3847242547722,18.80265124376358]}"
548,2330,9176,9224,9240,9496,8,"{""type"":""Point"",""coordinates"":[73.38481911751738,18.80265206486022]}"
549,2330,9152,9176,9232,9480,8,"{""type"":""Point"",""coordinates"":[73.38491398026747,18.802652885908678]}"
550,2318,9144,9176,9232,9456,8,"{""type"":""Point"",""coordinates"":[73.38500884302248,18.80265370690896]}"
551,2318,9032,9104,9216,9376,8,"{""type"":""Point"",""coordinates"":[73.3851037057824,18.802654527861066]}"
552,2312,9032,9072,9200,9352,8,"{""type"":""Point"",""coordinates"":[73.38519856854722,18.802655348764993]}"
553,2312,8984,9096,9200,9352,8,"{""type"":""Point"",""coordinates"":[73.38529343131697,18.80265616962075]}"
554,1951,9352,9520,9696,9672,8,"{""type"":""Point"",""coordinates"":[73.38244841377742,18.802541180424374]}"
555,1957,9320,9464,9616,9648,8,"{""type"":""Point"",""coordinates"":[73.38254327635403,18.802542002672997]}"
556,1957,9328,9416,9568,9672,8,"{""type"":""Point"",""coordinates"":[73.38263813893555,18.80254282487344]}"
557,2026,9392,9464,9504,9672,8,"{""type"":""Point"",""coordinates"":[73.38273300152198,18.80254364702571]}"
558,2026,9392,9480,9496,9712,8,"{""type"":""Point"",""coordinates"":[73.38282786411337,18.802544469129806]}"
559,2099,9352,9464,9464,9728,8,"{""type"":""Point"",""coordinates"":[73.38292272670964,18.802545291185723]}"
560,2099,9384,9456,9496,9728,8,"{""type"":""Point"",""coordinates"":[73.38301758931084,18.802546113193465]}"
561,2145,9480,9480,9504,9760,8,"{""type"":""Point"",""coordinates"":[73.38311245191697,18.802546935153032]}"
562,2145,9456,9440,9568,9776,8,"{""type"":""Point"",""coordinates"":[73.38320731452801,18.80254775706442]}"
563,2194,9432,9432,9536,9720,8,"{""type"":""Point"",""coordinates"":[73.38330217714396,18.802548578927635]}"
564,2194,9384,9416,9520,9704,8,"{""type"":""Point"",""coordinates"":[73.38339703976483,18.802549400742674]}"
565,2174,9352,9440,9496,9672,8,"{""type"":""Point"",""coordinates"":[73.38349190239063,18.802550222509538]}"
566,2174,9344,9416,9496,9616,8,"{""type"":""Point"",""coordinates"":[73.38358676502133,18.802551044228228]}"
567,2145,9304,9368,9504,9656,8,"{""type"":""Point"",""coordinates"":[73.38368162765696,18.80255186589874]}"
568,2145,9288,9360,9464,9608,8,"{""type"":""Point"",""coordinates"":[73.38377649029749,18.802552687521075]}"
569,2146,9256,9368,9512,9584,8,"{""type"":""Point"",""coordinates"":[73.38387135294295,18.802553509095233]}"
570,2146,9280,9408,9456,9592,8,"{""type"":""Point"",""coordinates"":[73.38396621559333,18.80255433062122]}"
571,2189,9272,9384,9392,9584,8,"{""type"":""Point"",""coordinates"":[73.3840610782486,18.80255515209903]}"
572,2189,9232,9288,9352,9552,8,"{""type"":""Point"",""coordinates"":[73.38415594090883,18.802555973528662]}"
573,2199,9184,9248,9352,9512,8,"{""type"":""Point"",""coordinates"":[73.38425080357392,18.80255679491012]}"
574,2199,9208,9272,9328,9520,8,"{""type"":""Point"",""coordinates"":[73.38434566624396,18.8025576162434]}"
575,2244,9184,9224,9304,9496,8,"{""type"":""Point"",""coordinates"":[73.3844405289189,18.802558437528507]}"
576,2244,9176,9248,9272,9536,8,"{""type"":""Point"",""coordinates"":[73.38453539159877,18.802559258765438]}"
577,2289,9184,9248,9320,9552,8,"{""type"":""Point"",""coordinates"":[73.38463025428354,18.802560079954187]}"
578,2289,9184,9224,9264,9536,8,"{""type"":""Point"",""coordinates"":[73.38472511697323,18.80256090109477]}"
579,2302,9208,9240,9208,9480,8,"{""type"":""Point"",""coordinates"":[73.38481997966782,18.80256172218717]}"
580,2302,9208,9184,9216,9512,8,"{""type"":""Point"",""coordinates"":[73.38491484236735,18.802562543231396]}"
581,2305,9104,9152,9232,9464,8,"{""type"":""Point"",""coordinates"":[73.38500970507177,18.802563364227446]}"
582,2305,9064,9096,9200,9408,8,"{""type"":""Point"",""coordinates"":[73.3851045677811,18.802564185175317]}"
583,2289,9032,9064,9144,9368,8,"{""type"":""Point"",""coordinates"":[73.38519943049536,18.802565006075017]}"
584,2289,9032,9096,9200,9328,8,"{""type"":""Point"",""coordinates"":[73.38529429321451,18.80256582692654]}"
585,1951,9352,9432,9640,9672,8,"{""type"":""Point"",""coordinates"":[73.38244927718749,18.80245083785631]}"
586,1957,9328,9456,9568,9608,8,"{""type"":""Point"",""coordinates"":[73.38254413971353,18.80245166010069]}"
587,1957,9312,9432,9568,9664,8,"{""type"":""Point"",""coordinates"":[73.38263900224447,18.802452482296896]}"
588,2026,9312,9432,9504,9712,8,"{""type"":""Point"",""coordinates"":[73.38273386478033,18.802453304444928]}"
589,2026,9392,9456,9440,9704,8,"{""type"":""Point"",""coordinates"":[73.38282872732111,18.802454126544784]}"
590,2099,9352,9408,9472,9760,8,"{""type"":""Point"",""coordinates"":[73.38292358986682,18.802454948596466]}"
591,2099,9336,9392,9472,9744,8,"{""type"":""Point"",""coordinates"":[73.38301845241743,18.80245577059997]}"
592,2145,9368,9480,9496,9744,8,"{""type"":""Point"",""coordinates"":[73.38311331497297,18.8024565925553]}"
593,2145,9416,9456,9496,9768,8,"{""type"":""Point"",""coordinates"":[73.38320817753343,18.80245741446245]}"
594,2194,9416,9416,9504,9728,8,"{""type"":""Point"",""coordinates"":[73.38330304009881,18.80245823632143]}"
595,2194,9344,9432,9504,9672,8,"{""type"":""Point"",""coordinates"":[73.3833979026691,18.802459058132232]}"
596,2174,9352,9376,9496,9656,8,"{""type"":""Point"",""coordinates"":[73.3834927652443,18.802459879894858]}"
597,2174,9320,9376,9440,9704,8,"{""type"":""Point"",""coordinates"":[73.38358762782443,18.802460701609313]}"
598,2145,9240,9360,9432,9672,8,"{""type"":""Point"",""coordinates"":[73.38368249040947,18.802461523275586]}"
599,2145,9280,9368,9432,9616,8,"{""type"":""Point"",""coordinates"":[73.38377735299943,18.802462344893687]}"
600,2146,9240,9368,9456,9592,8,"{""type"":""Point"",""coordinates"":[73.38387221559431,18.802463166463614]}"
601,2146,9272,9360,9432,9568,8,"{""type"":""Point"",""coordinates"":[73.38396707819409,18.802463987985366]}"
602,2189,9168,9328,9392,9576,8,"{""type"":""Point"",""coordinates"":[73.3840619407988,18.80246480945894]}"
603,2189,9176,9288,9320,9584,8,"{""type"":""Point"",""coordinates"":[73.38415680340842,18.80246563088434]}"
604,2199,9240,9328,9328,9584,8,"{""type"":""Point"",""coordinates"":[73.38425166602295,18.80246645226156]}"
605,2199,9176,9288,9320,9552,8,"{""type"":""Point"",""coordinates"":[73.38434652864241,18.802467273590604]}"
606,2244,9208,9208,9272,9552,8,"{""type"":""Point"",""coordinates"":[73.38444139126676,18.80246809487148]}"
607,2244,9176,9272,9272,9552,8,"{""type"":""Point"",""coordinates"":[73.38453625389604,18.802468916104175]}"
608,2289,9240,9328,9320,9584,8,"{""type"":""Point"",""coordinates"":[73.38463111653023,18.802469737288696]}"
609,2289,9240,9248,9264,9568,8,"{""type"":""Point"",""coordinates"":[73.38472597916933,18.80247055842504]}"
610,2302,9208,9184,9216,9512,8,"{""type"":""Point"",""coordinates"":[73.38482084181337,18.80247137951321]}"
611,2302,9168,9176,9144,9464,8,"{""type"":""Point"",""coordinates"":[73.3849157044623,18.802472200553204]}"
612,2305,9144,9152,9176,9456,8,"{""type"":""Point"",""coordinates"":[73.38501056711613,18.80247302154502]}"
613,2305,9136,9144,9176,9408,8,"{""type"":""Point"",""coordinates"":[73.3851054297749,18.802473842488663]}"
614,1908,9328,9416,9568,9632,8,"{""type"":""Point"",""coordinates"":[73.3825450030681,18.802361317527474]}"
615,1908,9304,9464,9552,9664,8,"{""type"":""Point"",""coordinates"":[73.38263986554846,18.802362139719442]}"
616,1961,9256,9408,9568,9680,8,"{""type"":""Point"",""coordinates"":[73.38273472803375,18.802362961863235]}"
617,1961,9336,9432,9504,9744,8,"{""type"":""Point"",""coordinates"":[73.38282959052395,18.80236378395885]}"
618,2033,9368,9432,9504,9760,8,"{""type"":""Point"",""coordinates"":[73.38292445301907,18.802364606006293]}"
619,2033,9368,9464,9440,9760,8,"{""type"":""Point"",""coordinates"":[73.3830193155191,18.80236542800556]}"
620,2103,9384,9520,9440,9712,8,"{""type"":""Point"",""coordinates"":[73.38311417802407,18.802366249956652]}"
621,2103,9384,9440,9464,9768,8,"{""type"":""Point"",""coordinates"":[73.38320904053394,18.80236707185957]}"
622,2150,9320,9416,9464,9704,8,"{""type"":""Point"",""coordinates"":[73.38330390304874,18.80236789371431]}"
623,2150,9320,9472,9504,9680,8,"{""type"":""Point"",""coordinates"":[73.38339876556844,18.802368715520878]}"
624,2161,9304,9440,9440,9672,8,"{""type"":""Point"",""coordinates"":[73.38349362809308,18.80236953727927]}"
625,2161,9280,9376,9432,9656,8,"{""type"":""Point"",""coordinates"":[73.38358849062261,18.802370358989485]}"
626,2138,9280,9368,9432,9632,8,"{""type"":""Point"",""coordinates"":[73.38368335315707,18.802371180651527]}"
627,2138,9208,9368,9408,9616,8,"{""type"":""Point"",""coordinates"":[73.38377821569645,18.80237200226539]}"
628,2159,9232,9320,9408,9592,8,"{""type"":""Point"",""coordinates"":[73.38387307824074,18.80237282383108]}"
629,2159,9168,9368,9432,9568,8,"{""type"":""Point"",""coordinates"":[73.38396794078994,18.802373645348595]}"
630,2226,9096,9288,9392,9568,8,"{""type"":""Point"",""coordinates"":[73.38406280334408,18.802374466817938]}"
631,2226,9152,9272,9328,9568,8,"{""type"":""Point"",""coordinates"":[73.38415766590312,18.802375288239098]}"
632,2255,9208,9280,9328,9552,8,"{""type"":""Point"",""coordinates"":[73.38425252846707,18.802376109612087]}"
633,2255,9152,9288,9272,9552,8,"{""type"":""Point"",""coordinates"":[73.38434739103594,18.802376930936898]}"
634,2272,9176,9280,9304,9584,8,"{""type"":""Point"",""coordinates"":[73.38444225360972,18.80237775221354]}"
635,2272,9152,9320,9280,9584,8,"{""type"":""Point"",""coordinates"":[73.38453711618841,18.802378573442002]}"
636,2275,9176,9272,9280,9576,8,"{""type"":""Point"",""coordinates"":[73.38463197877203,18.802379394622285]}"
637,2275,9240,9248,9240,9552,8,"{""type"":""Point"",""coordinates"":[73.38472684136056,18.8023802157544]}"
638,2274,9208,9200,9232,9544,8,"{""type"":""Point"",""coordinates"":[73.384821703954,18.802381036838337]}"
639,2274,9208,9184,9216,9472,8,"{""type"":""Point"",""coordinates"":[73.38491656655233,18.8023818578741]}"
640,1908,9336,9408,9528,9640,8,"{""type"":""Point"",""coordinates"":[73.38264072884755,18.80227179714107]}"
641,1961,9320,9408,9536,9656,8,"{""type"":""Point"",""coordinates"":[73.38273559128224,18.802272619280625]}"
642,1961,9352,9456,9464,9712,8,"{""type"":""Point"",""coordinates"":[73.38283045372187,18.802273441372005]}"
643,2033,9368,9480,9504,9672,8,"{""type"":""Point"",""coordinates"":[73.3829253161664,18.80227426341521]}"
644,2033,9368,9512,9464,9744,8,"{""type"":""Point"",""coordinates"":[73.38302017861587,18.80227508541024]}"
645,2103,9384,9480,9440,9752,8,"{""type"":""Point"",""coordinates"":[73.38311504107024,18.802275907357096]}"
646,2103,9352,9472,9504,9768,8,"{""type"":""Point"",""coordinates"":[73.38320990352953,18.802276729255773]}"
647,2150,9312,9480,9464,9656,8,"{""type"":""Point"",""coordinates"":[73.38330476599376,18.80227755110628]}"
648,2150,9304,9472,9496,9720,8,"{""type"":""Point"",""coordinates"":[73.38339962846287,18.80227837290861]}"
649,2161,9288,9440,9440,9672,8,"{""type"":""Point"",""coordinates"":[73.38349449093693,18.802279194662763]}"
650,2161,9272,9376,9456,9584,8,"{""type"":""Point"",""coordinates"":[73.38358935341589,18.802280016368744]}"
651,2138,9280,9368,9440,9576,8,"{""type"":""Point"",""coordinates"":[73.38368421589975,18.802280838026547]}"
652,2138,9192,9360,9392,9648,8,"{""type"":""Point"",""coordinates"":[73.38377907838856,18.802281659636176]}"
653,2159,9192,9272,9456,9552,8,"{""type"":""Point"",""coordinates"":[73.38387394088227,18.802282481197633]}"
654,2159,9144,9336,9432,9608,8,"{""type"":""Point"",""coordinates"":[73.3839688033809,18.80228330271091]}"
655,2226,9144,9272,9328,9552,8,"{""type"":""Point"",""coordinates"":[73.38406366588444,18.80228412417602]}"
656,2226,9152,9288,9320,9552,8,"{""type"":""Point"",""coordinates"":[73.3841585283929,18.802284945592945]}"
657,2255,9176,9328,9392,9552,8,"{""type"":""Point"",""coordinates"":[73.38425339090627,18.8022857669617]}"
658,2255,9176,9272,9272,9608,8,"{""type"":""Point"",""coordinates"":[73.38434825342456,18.802286588282282]}"
659,2272,9144,9248,9328,9504,8,"{""type"":""Point"",""coordinates"":[73.38444311594776,18.802287409554683]}"
660,2272,9144,9288,9304,9584,8,"{""type"":""Point"",""coordinates"":[73.38453797847588,18.802288230778913]}"
661,2275,9144,9272,9240,9576,8,"{""type"":""Point"",""coordinates"":[73.38463284100891,18.80228905195497]}"
662,2275,9176,9272,9216,9576,8,"{""type"":""Point"",""coordinates"":[73.38472770354684,18.802289873082845]}"
663,1920,9320,9432,9496,9680,8,"{""type"":""Point"",""coordinates"":[73.38273645452583,18.802182276697103]}"
664,1920,9312,9424,9496,9704,8,"{""type"":""Point"",""coordinates"":[73.38283131691486,18.802183098784244]}"
665,1970,9368,9464,9520,9712,8,"{""type"":""Point"",""coordinates"":[73.38292617930882,18.80218392082321]}"
666,1970,9368,9528,9528,9744,8,"{""type"":""Point"",""coordinates"":[73.38302104170769,18.802184742814006]}"
667,2042,9384,9480,9504,9752,8,"{""type"":""Point"",""coordinates"":[73.38311590411149,18.802185564756623]}"
668,2042,9352,9440,9496,9720,8,"{""type"":""Point"",""coordinates"":[73.38321076652021,18.802186386651066]}"
669,2099,9344,9472,9496,9648,8,"{""type"":""Point"",""coordinates"":[73.38330562893384,18.802187208497337]}"
670,2099,9312,9456,9440,9664,8,"{""type"":""Point"",""coordinates"":[73.38340049135239,18.802188030295426]}"
671,2123,9256,9408,9432,9664,8,"{""type"":""Point"",""coordinates"":[73.38349535377584,18.802188852045344]}"
672,2123,9216,9368,9464,9632,8,"{""type"":""Point"",""coordinates"":[73.38359021620424,18.802189673747087]}"
673,2144,9192,9328,9432,9568,8,"{""type"":""Point"",""coordinates"":[73.38368507863753,18.80219049540066]}"
674,2144,9168,9360,9432,9584,8,"{""type"":""Point"",""coordinates"":[73.38377994107574,18.802191317006052]}"
675,2193,9144,9328,9392,9552,8,"{""type"":""Point"",""coordinates"":[73.38387480351888,18.80219213856327]}"
676,2193,9144,9336,9352,9544,8,"{""type"":""Point"",""coordinates"":[73.38396966596693,18.802192960072315]}"
677,2256,9152,9328,9352,9520,8,"{""type"":""Point"",""coordinates"":[73.38406452841988,18.802193781533184]}"
678,2256,9144,9328,9320,9584,8,"{""type"":""Point"",""coordinates"":[73.38415939087777,18.80219460294588]}"
679,2276,9112,9328,9280,9544,8,"{""type"":""Point"",""coordinates"":[73.38425425334054,18.8021954243104]}"
680,2276,9104,9272,9304,9552,8,"{""type"":""Point"",""coordinates"":[73.38434911580825,18.802196245626746]}"
681,2264,9144,9288,9280,9544,8,"{""type"":""Point"",""coordinates"":[73.38444397828088,18.802197066894916]}"
682,2264,9176,9336,9264,9576,8,"{""type"":""Point"",""coordinates"":[73.38453884075841,18.802197888114915]}"
683,1970,9336,9408,9528,9728,8,"{""type"":""Point"",""coordinates"":[73.38292704244631,18.802093578230306]}"
684,1970,9352,9480,9496,9744,8,"{""type"":""Point"",""coordinates"":[73.38302190479462,18.802094400216863]}"
685,2042,9384,9520,9504,9704,8,"{""type"":""Point"",""coordinates"":[73.38311676714783,18.80209522215524]}"
686,2042,9304,9432,9496,9704,8,"{""type"":""Point"",""coordinates"":[73.38321162950595,18.80209604404545]}"
687,2099,9312,9456,9504,9672,8,"{""type"":""Point"",""coordinates"":[73.383306491869,18.802096865887478]}"
688,2099,9312,9416,9440,9656,8,"{""type"":""Point"",""coordinates"":[73.38340135423698,18.802097687681336]}"
689,2123,9232,9368,9440,9616,8,"{""type"":""Point"",""coordinates"":[73.38349621660987,18.80209850942702]}"
690,2123,9192,9360,9456,9616,8,"{""type"":""Point"",""coordinates"":[73.38359107898766,18.802099331124523]}"
691,2144,9144,9336,9432,9640,8,"{""type"":""Point"",""coordinates"":[73.38368594137039,18.80210015277386]}"
692,2144,9144,9360,9432,9552,8,"{""type"":""Point"",""coordinates"":[73.38378080375801,18.80210097437502]}"
693,2193,9144,9360,9368,9544,8,"{""type"":""Point"",""coordinates"":[73.38387566615057,18.802101795928003]}"
694,2193,9144,9328,9320,9536,8,"{""type"":""Point"",""coordinates"":[73.38397052854805,18.802102617432812]}"
695,2256,9104,9248,9320,9496,8,"{""type"":""Point"",""coordinates"":[73.38406539095043,18.802103438889446]}"
696,2256,9064,9248,9352,9520,8,"{""type"":""Point"",""coordinates"":[73.3841602533577,18.80210426029791]}"
697,2276,9064,9280,9352,9552,8,"{""type"":""Point"",""coordinates"":[73.38425511576993,18.802105081658194]}"
698,2276,9128,9288,9328,9544,8,"{""type"":""Point"",""coordinates"":[73.38434997818705,18.802105902970304]}"
699,1994,9320,9504,9504,9656,8,"{""type"":""Point"",""coordinates"":[73.38311763017926,18.802004879552953]}"
700,1994,9320,9456,9504,9704,8,"{""type"":""Point"",""coordinates"":[73.38321249248679,18.80200570143892]}"
701,2040,9248,9416,9528,9672,8,"{""type"":""Point"",""coordinates"":[73.38330735479927,18.802006523276713]}"
702,2040,9272,9392,9504,9632,8,"{""type"":""Point"",""coordinates"":[73.38340221711665,18.802007345066333]}"
703,2075,9240,9376,9456,9576,8,"{""type"":""Point"",""coordinates"":[73.38349707943895,18.80200816680778]}"
704,2075,9168,9360,9440,9592,8,"{""type"":""Point"",""coordinates"":[73.3835919417662,18.80200898850105]}"
705,2140,9144,9360,9392,9584,8,"{""type"":""Point"",""coordinates"":[73.38368680409833,18.80200981014615]}"
706,2140,9096,9336,9392,9544,8,"{""type"":""Point"",""coordinates"":[73.38378166643538,18.802010631743077]}"
707,2219,9128,9288,9392,9536,8,"{""type"":""Point"",""coordinates"":[73.38387652877734,18.802011453291822]}"
708,2219,9144,9272,9344,9544,8,"{""type"":""Point"",""coordinates"":[73.38397139112425,18.8020122747924]}"
709,2280,9112,9248,9280,9504,8,"{""type"":""Point"",""coordinates"":[73.38406625347604,18.802013096244796]}"
710,2280,9128,9248,9328,9472,8,"{""type"":""Point"",""coordinates"":[73.38416111583275,18.802013917649024]}"
711,2040,9144,9384,9504,9640,8,"{""type"":""Point"",""coordinates"":[73.3833082177246,18.801916180665035]}"
712,2040,9168,9408,9440,9640,8,"{""type"":""Point"",""coordinates"":[73.38340307999142,18.80191700245042]}"
713,2075,9208,9408,9464,9584,8,"{""type"":""Point"",""coordinates"":[73.38349794226315,18.80191782418763]}"
714,2075,9144,9360,9440,9552,8,"{""type"":""Point"",""coordinates"":[73.38359280453979,18.80191864587667]}"
715,2140,9144,9328,9408,9584,8,"{""type"":""Point"",""coordinates"":[73.38368766682134,18.80191946751753]}"
716,2140,9104,9280,9392,9536,8,"{""type"":""Point"",""coordinates"":[73.38378252910782,18.801920289110218]}"
717,2219,9104,9248,9392,9504,8,"{""type"":""Point"",""coordinates"":[73.38387739139921,18.80192111065473]}"
718,2219,9128,9248,9328,9496,8,"{""type"":""Point"",""coordinates"":[73.38397225369552,18.801921932151068]}"
719,2043,9144,9368,9464,9576,8,"{""type"":""Point"",""coordinates"":[73.38349880508241,18.80182748156657]}"
720,2043,9096,9336,9408,9584,8,"{""type"":""Point"",""coordinates"":[73.38359366730847,18.80182830325137]}"
721,2134,9096,9328,9392,9520,8,"{""type"":""Point"",""coordinates"":[73.38368852953944,18.801829124887995]}"
722,2134,9152,9272,9408,9480,8,"{""type"":""Point"",""coordinates"":[73.38378339177534,18.801829946476445]}"
