Lat,Long,2019-01-05,2019-01-10,2019-01-15,2019-01-20,2019-01-25,2019-01-30,2019-02-04,2019-02-09,2019-02-14,2019-02-19,2019-02-24,2019-03-01,2019-03-06,2019-03-11,2019-03-16,2019-03-21,2019-03-26,2019-03-31,2019-04-05,2019-04-10,2019-04-15,2019-04-20,2019-04-25,2019-04-30,2019-05-05,2019-05-10,2019-05-15,2019-05-20,2019-05-25,2019-05-30,2019-06-04,2019-06-09,2019-06-14,2019-06-19,2019-06-24,2019-06-29,2019-07-04,2019-07-09,2019-07-14,2019-07-19,2019-07-24,2019-07-29,2019-08-03,2019-08-08,2019-08-13
18.739513970062802,73.92849851069936,7,5,7,7,7,7,7,7,7,7,7,5,4,4,4,4,4.0,4,4,5,7,5,4,4,4,4,5,5,4,5,5,10,7,9,7,9,9,4,9,4,4,8,9,9,9
18.7395145130135,73.92859335935796,7,4,7,7,7,7,7,7,2,7,7,2,4,4,4,4,4.0,4,4,5,7,5,4,4,4,4,5,5,4,5,7,10,7,9,7,9,9,4,9,4,4,8,9,9,9
18.7395150559161,73.9286882080198,4,4,5,7,4,7,7,7,2,7,7,2,4,4,4,4,4.0,4,4,7,7,5,4,4,4,4,5,5,4,5,7,10,7,9,7,9,9,4,9,4,4,8,9,9,9
18.73951559877077,73.92878305668489,4,4,5,7,4,7,7,7,7,7,7,5,4,4,4,4,4.0,4,4,7,7,4,4,4,4,4,4,5,4,5,5,10,7,9,7,9,9,4,9,7,4,8,9,9,9
18.73951614157734,73.92887790535327,4,5,7,7,4,7,7,7,7,7,7,5,4,4,4,4,4.0,4,4,7,7,5,4,4,4,4,5,5,4,5,5,10,7,9,7,9,9,4,9,4,4,8,9,9,9
18.739423606566103,73.92849908062281,7,4,7,7,7,7,7,7,2,7,7,2,4,4,4,4,4.0,4,4,5,7,5,4,4,4,4,5,5,4,5,7,10,7,9,7,9,9,4,9,4,4,8,9,9,9
18.739424149514,73.92859392923098,7,4,7,7,7,7,7,7,2,7,7,2,4,4,4,4,4.0,4,4,5,5,5,7,7,5,5,5,5,4,5,7,10,7,9,7,9,9,7,9,4,7,8,9,9,9
18.73942469241386,73.92868877784241,4,4,5,7,4,7,7,7,7,7,7,5,4,4,4,4,4.0,4,4,7,5,4,7,7,5,5,4,5,4,5,5,10,7,9,7,9,9,7,9,7,7,8,9,9,9
18.73942523526567,73.92878362645706,4,4,5,7,4,7,7,7,7,7,7,5,4,4,4,4,4.0,4,4,7,7,5,4,4,4,4,5,5,4,5,5,10,7,9,7,9,9,4,9,4,4,8,9,9,9
18.739425778069428,73.928878475075,7,4,7,7,4,7,7,7,2,7,7,2,4,4,4,4,4.0,4,4,7,5,5,4,4,4,4,5,5,4,5,7,10,7,9,7,9,9,4,9,4,7,8,9,9,9
18.73933324306855,73.92849965054303,7,4,2,7,7,7,7,7,2,7,7,2,4,4,4,4,4.0,4,4,7,5,5,4,4,4,4,5,5,4,5,7,10,7,9,7,9,9,4,9,4,7,8,9,9,9
18.739333786013642,73.92859449910075,7,5,2,7,7,7,7,7,7,7,7,5,4,4,4,4,4.0,4,4,7,7,4,4,4,4,4,4,5,4,5,5,10,7,9,7,9,9,4,9,7,4,8,9,9,9
18.73933432891068,73.92868934766176,4,4,7,7,4,7,7,7,7,7,7,5,4,4,4,4,4.0,4,4,7,5,5,4,4,4,4,5,5,4,5,5,10,7,9,7,9,9,4,9,4,7,8,9,9,9
18.7393348717596,73.92878419622599,4,4,7,7,4,7,7,7,2,7,7,2,4,4,4,4,4.0,4,4,7,5,5,4,4,4,4,5,5,4,5,7,10,7,9,7,9,9,4,9,4,7,8,9,9,9
18.739335414560603,73.9288790447935,7,4,4,7,4,7,7,7,2,7,7,2,4,4,4,4,4.0,4,4,7,7,5,7,7,5,5,5,5,4,5,7,10,7,9,7,9,9,7,9,4,4,8,9,9,9
18.73924287957,73.92850022045997,7,5,2,7,4,7,7,7,7,7,7,5,4,4,4,4,4.0,4,4,7,5,4,7,7,5,5,4,5,4,5,5,10,7,9,7,9,9,7,9,7,9,8,9,9,9
18.73924342251237,73.92859506896727,7,7,2,7,4,7,7,7,5,4,4,4,4,7,4,7,4.0,7,4,7,5,4,4,4,4,4,4,5,4,4,5,10,7,9,8,9,8,4,9,4,9,8,9,9,9
18.7392439654066,73.92868991747784,4,7,7,7,4,7,7,7,5,4,4,4,4,7,4,7,4.0,7,4,7,5,4,4,4,4,4,4,5,4,4,5,10,7,9,8,9,8,4,9,4,9,8,9,9,9
18.739244508252803,73.92878476599167,4,7,7,7,4,7,7,4,5,7,7,4,4,7,4,7,4.0,4,4,7,5,4,4,4,4,4,4,5,4,4,5,10,7,9,8,9,8,4,9,4,9,8,9,9,9
18.7392450510509,73.92887961450873,7,7,4,7,4,7,7,4,5,7,7,4,4,7,4,7,4.0,4,4,7,5,4,4,4,4,4,4,5,4,4,5,10,7,9,8,9,8,4,9,4,9,8,9,9,9
18.739154144745,73.92878533575406,4,7,2,7,4,7,7,7,5,7,7,4,4,4,4,4,4.0,4,4,7,7,4,4,5,4,4,5,5,4,4,5,10,7,9,8,9,8,4,9,4,9,8,9,9,9
18.7391546875403,73.92888018422072,7,7,2,7,4,7,7,7,5,7,7,4,4,4,4,4,4.0,4,4,7,7,4,4,5,4,4,5,5,4,4,5,10,7,9,8,9,8,4,9,4,9,8,9,9,9
18.742511305668,73.96329108920744,7,7,4,7,7,7,7,7,5,7,7,4,4,4,4,4,4.0,4,4,7,7,4,7,5,5,5,4,5,4,4,5,8,4,9,8,9,8,7,9,4,9,8,9,9,9
18.74251183107065,73.96338594060488,4,7,4,7,7,7,7,7,5,7,7,4,4,4,4,4,4.0,4,4,7,5,4,7,5,5,5,4,5,4,4,5,8,4,9,8,9,8,7,9,4,9,8,9,9,9
18.7425123564252,73.96348079200546,4,7,4,7,7,4,4,4,5,4,4,4,4,4,4,4,4.0,4,4,7,7,4,4,4,4,4,4,5,4,4,5,8,4,9,8,9,8,4,9,4,9,8,9,9,9
18.74251288173169,73.96357564340919,4,7,2,7,7,4,4,4,5,4,4,4,4,4,4,4,4.0,4,4,7,7,4,4,4,4,4,4,5,4,4,5,8,4,9,8,9,8,4,9,4,9,8,9,9,9
18.74242094118515,73.96329164072179,7,7,2,7,7,4,4,4,5,4,4,4,4,4,4,4,4.0,4,4,7,7,4,4,4,4,4,5,5,4,4,5,8,4,9,8,9,8,4,9,4,9,8,9,9,9
18.742421466585032,73.96338649206878,4,7,4,7,7,4,4,4,5,4,4,4,4,4,4,4,4.0,4,4,7,5,4,4,4,4,4,5,5,4,4,5,8,4,9,8,9,8,4,9,4,9,8,9,9,9
18.7424219919368,73.9634813434189,4,7,4,7,7,4,4,4,7,4,4,4,4,4,4,4,4.0,4,4,7,7,4,4,4,4,4,4,4,4,4,4,8,4,9,8,9,8,4,9,4,9,8,9,9,9
18.74242251724064,73.96357619477219,4,7,4,7,7,4,4,4,7,4,4,4,4,4,4,4,4.0,4,4,7,7,4,4,4,4,4,4,4,4,4,4,8,4,9,8,9,8,4,9,4,9,8,9,9,9
18.74233057670136,73.96329219223297,7,7,4,7,7,4,4,4,7,4,4,4,4,4,4,4,4.0,4,4,5,7,4,4,4,4,4,4,4,4,4,4,8,4,9,8,9,8,4,9,4,9,8,9,9,9
18.742331102098532,73.96338704352952,4,7,4,7,7,4,4,4,7,4,4,4,4,4,4,4,4.0,4,4,5,5,4,4,4,4,4,4,4,4,4,4,8,4,9,8,9,8,4,9,4,9,8,9,9,9
18.7423316274476,73.9634818948292,4,7,4,7,7,4,4,4,7,4,4,4,4,4,4,4,4.0,4,4,5,7,4,4,4,4,4,4,4,4,4,4,8,4,9,8,9,8,4,9,4,9,8,9,9,9
18.742332152748713,73.96357674613205,4,7,4,7,7,4,4,4,7,4,4,4,4,4,4,4,4.0,4,4,5,7,4,4,4,4,4,4,4,4,4,4,8,4,9,8,9,8,4,9,4,9,8,9,9,9
18.7422402122166,73.963292743741,7,7,4,7,7,4,4,4,7,4,4,4,4,4,4,4,4.0,4,4,5,7,4,4,4,4,4,4,4,4,4,4,8,4,9,8,9,8,4,9,4,9,8,9,9,9
18.74224073761114,73.96338759498711,4,7,4,7,7,4,4,4,7,4,4,4,4,4,4,4,4.0,4,4,5,4,4,4,4,4,4,4,4,4,4,4,8,4,9,8,9,8,4,9,4,9,8,9,9,9
18.74224126295754,73.96348244623637,4,7,4,7,7,4,4,4,7,4,4,4,4,4,4,4,4.0,4,4,5,4,4,4,4,4,4,4,4,4,4,4,10,4,9,8,9,8,4,9,4,9,8,9,9,9
18.742241788255892,73.96357729748878,4,7,4,7,7,4,4,4,7,4,4,4,4,4,4,4,4.0,4,4,5,4,4,4,4,4,4,4,4,4,4,4,8,4,9,8,9,8,4,9,4,9,8,9,9,9
18.73980005928743,73.99641149981443,7,7,4,7,7,4,4,4,7,4,4,4,4,4,4,4,4.0,4,4,5,4,4,4,4,4,4,4,4,4,4,4,8,4,9,8,9,8,4,9,4,9,8,9,9,9
18.739800567834802,73.99650635067977,7,7,4,7,7,4,4,4,7,4,4,4,4,4,4,4,4.0,4,4,5,4,4,4,4,4,4,4,4,4,4,4,8,4,9,8,9,8,4,9,4,9,8,9,9,9
18.739801076334103,73.99660120154816,7,7,4,7,7,4,4,4,7,4,4,5,4,4,4,4,4.0,4,4,5,4,4,4,4,4,4,5,5,4,5,7,8,4,9,8,9,8,4,9,4,9,8,9,9,9
18.7398015847854,73.99669605241957,7,7,4,7,7,4,4,4,7,4,4,5,4,4,4,4,4.0,4,4,5,4,4,4,4,4,4,5,5,4,5,7,10,4,9,8,9,8,4,9,4,9,8,9,9,9
18.73980209318869,73.99679090329406,7,7,7,7,7,4,4,4,7,4,4,5,4,4,4,4,4.0,4,4,5,4,4,4,4,4,4,4,5,7,5,5,10,4,9,8,9,8,4,9,4,9,8,9,9,9
18.739802601543893,73.99688575417156,7,7,7,5,7,4,4,4,7,4,4,5,4,4,4,4,4.0,4,4,5,4,4,4,4,4,4,4,5,7,5,5,10,4,9,8,9,8,4,9,4,9,8,9,9,9
18.739709693843178,73.99641203362799,7,7,7,5,2,4,4,4,7,4,4,5,4,4,4,4,4.0,4,4,5,4,4,4,4,4,4,4,4,7,5,7,8,4,9,8,9,8,4,9,4,9,8,9,9,9
18.73971020238794,73.99650688444291,7,7,7,5,2,4,4,4,7,4,4,5,4,4,4,4,4.0,4,4,5,4,4,4,4,4,4,4,4,7,5,7,8,4,9,8,9,8,4,9,4,9,8,9,9,9
18.7397107108846,73.99660173526084,7,7,4,5,4,4,4,4,7,4,4,5,4,4,4,4,4.0,4,4,5,4,4,4,4,4,4,5,5,7,5,7,10,4,9,8,9,8,4,9,4,9,8,9,9,9
18.73971121933331,73.99669658608185,7,7,4,7,4,4,4,4,7,4,4,5,4,4,4,4,4.0,4,4,5,4,4,4,4,4,4,5,5,7,5,7,10,4,9,8,9,8,4,9,4,9,8,9,9,9
18.739711727733898,73.99679143690587,7,7,7,7,4,4,4,4,7,4,4,5,4,4,4,4,4.0,4,4,5,4,4,4,4,4,4,4,5,7,5,5,10,4,9,8,9,8,4,9,4,9,8,9,9,9
18.739712236086486,73.99688628773298,7,7,7,7,4,4,4,4,7,4,4,5,4,4,4,4,4.0,4,4,5,4,4,4,4,4,4,4,5,7,5,5,8,4,9,8,9,8,4,9,4,9,8,9,9,9
18.73961932839804,73.99641256743854,7,7,4,7,4,4,4,4,7,4,4,5,4,4,4,4,4.0,4,4,5,4,4,4,4,4,4,4,4,7,5,7,8,4,9,8,9,8,4,9,4,9,8,9,9,9
18.739619836940104,73.99650741820298,7,7,4,7,4,4,4,4,7,4,4,5,4,4,4,4,4.0,4,4,5,4,4,4,4,4,4,4,4,7,5,7,10,4,9,8,9,8,4,9,4,9,8,9,9,9
18.73962034543425,73.9966022689705,7,7,7,7,4,4,4,4,7,4,4,4,4,4,4,4,4.0,4,4,7,4,4,4,4,4,4,5,5,7,5,5,7,4,9,8,9,8,4,9,7,9,8,9,9,9
18.739620853880282,73.99669711974106,7,7,7,7,4,4,4,4,7,4,4,4,4,4,4,4,4.0,4,4,7,4,4,4,4,4,4,5,5,7,5,5,7,4,9,8,9,8,4,9,7,9,8,9,9,9
18.73962136227827,73.99679197051469,7,7,4,7,4,7,7,7,7,7,5,5,5,5,5,5,5.0,5,4,5,4,4,5,10,4,5,5,5,7,5,5,7,4,9,8,9,8,9,9,7,9,8,9,9,9
18.7396218706282,73.99688682129133,7,7,4,7,4,2,7,7,7,7,7,5,5,5,7,5,5.0,7,4,5,4,4,7,10,4,5,5,5,7,5,5,7,4,9,8,9,8,9,9,7,9,8,9,9,9
18.739528962952,73.99641310124599,7,7,7,7,4,2,7,4,7,7,7,5,5,5,7,5,5.0,7,7,7,4,4,7,10,4,5,5,5,7,5,5,7,4,9,8,9,8,9,9,7,9,8,9,9,9
18.73952947149152,73.99650795196003,7,7,7,7,4,5,7,4,7,7,5,5,5,5,7,5,5.0,7,7,7,4,4,7,10,4,4,5,5,7,5,5,7,4,9,8,9,8,9,9,7,9,8,9,9,9
18.73952997998297,73.9966028026771,7,7,4,7,4,7,7,4,7,7,5,7,5,5,5,5,5.0,5,7,5,4,4,5,10,4,5,4,5,7,4,4,7,4,9,7,9,9,9,8,5,9,8,9,9,9
18.73953048842638,73.99669765339725,7,2,4,7,4,2,7,7,7,7,7,7,5,5,7,5,5.0,7,4,5,4,4,7,10,4,5,4,5,7,4,4,7,4,9,7,9,9,9,8,5,9,8,9,9,9
18.73953099682173,73.99679250412042,7,2,7,7,4,2,7,7,7,7,7,7,5,5,7,5,5.0,7,4,7,4,4,7,10,4,5,7,5,7,4,4,7,4,9,7,9,9,9,8,5,9,8,9,9,9
18.73953150516904,73.99688735484666,7,7,7,7,4,5,7,4,7,7,5,7,5,5,7,5,5.0,7,7,7,4,4,7,10,4,4,7,4,7,4,4,7,4,9,7,9,9,9,8,5,9,8,9,9,9
18.739438597505103,73.9964136350504,7,7,4,7,4,5,7,4,7,7,5,7,5,5,5,5,5.0,5,7,5,4,4,5,10,4,5,4,4,7,5,4,7,4,9,7,9,9,9,9,5,9,8,9,9,9
18.7394391060419,73.99650848571402,7,7,4,7,4,2,7,4,7,7,2,7,5,5,7,5,5.0,7,7,5,4,5,7,10,4,5,4,5,7,5,4,7,4,9,7,9,9,9,8,5,9,8,9,9,9
18.739439614530802,73.99660333638067,7,7,7,7,4,2,7,7,7,7,2,7,5,5,7,5,5.0,7,4,7,4,5,7,10,4,5,7,5,7,5,7,8,4,9,7,9,9,9,8,7,9,8,9,9,9
18.739440122971576,73.99669818705037,7,2,7,7,4,5,7,7,7,7,5,7,7,5,7,5,5.0,7,4,7,4,5,4,10,4,4,7,4,7,5,7,8,5,9,7,9,9,9,8,7,9,8,9,9,9
18.739440631364307,73.99679303772312,7,2,4,7,4,5,7,4,7,5,5,7,5,5,5,5,5.0,5,7,5,4,5,5,10,4,5,4,5,7,4,4,8,5,9,7,9,9,9,8,5,9,8,9,9,9
18.739441139708898,73.99688788839893,7,7,4,7,4,2,7,4,7,5,2,7,5,5,7,5,5.0,7,7,5,4,4,7,10,4,5,4,5,7,5,4,8,5,9,7,9,9,9,8,5,9,8,9,9,9
18.7393482320573,73.9964141688518,7,7,7,7,4,2,7,4,7,5,2,7,5,5,7,5,5.0,7,7,7,4,4,7,10,4,5,7,5,7,5,4,8,5,9,7,9,9,9,8,5,9,8,9,9,9
18.7393487405915,73.99650901946495,7,5,7,7,4,5,7,7,7,5,5,7,7,5,7,5,5.0,7,4,7,4,4,4,10,4,4,7,4,7,4,4,8,5,9,7,9,9,9,8,5,9,8,9,9,9
18.739349249077762,73.99660387008116,7,5,7,7,4,7,7,7,7,5,7,5,5,5,7,4,5.0,7,4,5,4,4,4,10,4,4,4,4,5,5,4,8,5,9,7,9,9,4,8,5,9,8,9,9,9
18.739349757515896,73.99669872070045,7,2,7,7,4,7,7,4,7,5,7,5,5,5,7,4,5.0,7,7,5,4,4,4,10,4,4,4,5,5,5,4,8,5,9,7,9,9,4,8,5,9,8,9,9,9
18.739350265906,73.99679357132277,7,2,7,7,4,7,7,4,7,4,4,5,4,5,5,4,5.0,7,7,5,4,4,4,10,4,4,4,5,4,4,7,8,5,9,7,9,9,4,8,7,9,8,9,9,9
18.739350774248052,73.99688842194814,7,2,7,7,4,7,7,4,7,4,4,5,4,5,5,4,5.0,7,4,5,4,5,4,10,4,4,4,5,4,5,7,8,5,9,7,9,9,4,8,7,7,8,9,9,9
18.739257866608643,73.99641470265009,2,2,7,7,4,4,7,4,7,4,4,5,4,5,5,4,5.0,7,7,5,4,5,4,10,4,4,4,5,5,5,7,8,5,9,7,9,9,4,8,7,7,8,9,9,9
18.73925837514025,73.99650955321285,2,7,7,7,4,4,7,4,7,4,4,5,4,5,5,4,5.0,7,4,5,4,4,4,10,4,4,4,5,5,5,7,8,5,9,7,9,9,4,8,7,7,8,9,9,9
18.73925888362381,73.99660440377866,7,7,7,7,2,7,7,7,7,4,7,4,5,5,7,4,5.0,7,7,5,4,4,4,10,4,4,4,5,4,5,4,8,5,9,7,9,9,4,8,7,7,8,9,9,9
18.739259392059328,73.99669925434749,7,5,7,7,2,7,7,7,7,4,7,4,5,5,7,4,5.0,7,7,5,4,4,4,10,4,4,4,4,4,4,4,8,5,9,7,9,9,4,8,7,7,8,9,9,9
18.739259900446,73.99679410491937,7,5,5,7,5,7,7,7,7,5,4,4,4,5,5,4,5.0,7,7,5,4,4,4,10,4,4,4,4,4,4,4,8,5,9,7,9,9,4,8,5,7,8,9,9,9
18.73926040878622,73.99688895549431,7,2,7,7,5,7,7,7,7,5,4,4,4,5,5,4,5.0,7,7,5,4,4,4,10,4,4,4,5,4,4,4,8,5,9,7,9,9,4,8,5,7,8,9,9,9
18.646493778421,73.74782984986321,7,2,7,7,7,4,7,7,7,5,4,4,4,5,5,4,5.0,7,7,5,4,4,4,10,4,4,4,5,4,4,7,8,5,9,9,9,9,4,9,7,7,8,9,9,9
18.646494409880322,73.74792464065315,7,2,7,7,2,4,7,7,7,5,4,4,4,5,5,4,5.0,7,5,5,4,5,4,10,4,4,4,5,5,4,7,8,5,9,9,9,9,4,9,7,4,8,9,9,9
18.6464034198399,73.74783051231906,7,2,7,7,2,7,7,7,7,5,4,4,5,5,7,5,5.0,7,5,5,4,5,4,10,4,4,4,5,5,4,4,8,5,9,9,9,9,4,9,4,7,8,9,9,9
18.646404051295,73.74792530305889,7,2,7,7,5,7,7,7,7,5,4,4,5,5,7,5,5.0,7,7,5,4,4,4,10,4,4,4,5,4,7,4,8,5,9,9,9,9,4,9,4,7,8,9,9,9
18.6463130612575,73.74783117477112,7,2,7,7,5,7,7,7,7,5,4,4,4,5,7,5,5.0,7,7,5,4,4,4,10,4,4,4,5,4,7,4,8,5,9,9,9,9,4,9,4,4,8,9,9,9
18.6463136927097,73.74792596546084,7,7,5,7,7,7,7,7,7,5,4,4,4,5,7,5,5.0,7,7,5,4,4,4,10,4,4,4,4,4,4,4,8,7,9,9,9,9,4,9,4,4,8,9,9,9
18.628279903786193,73.76748913844231,7,7,7,7,2,5,7,7,7,5,4,4,4,4,4,4,5.0,7,7,5,4,4,4,10,4,4,4,4,4,4,4,8,7,9,9,9,9,4,9,4,4,8,9,9,9
18.628280524747698,73.76758391984009,7,2,7,7,2,5,7,7,7,5,4,4,4,4,4,4,5.0,7,7,5,4,4,4,10,4,4,4,4,4,4,4,8,7,9,9,9,9,4,9,4,4,8,9,9,9
18.628281145661603,73.76767870124159,7,2,7,7,5,7,7,5,7,5,4,4,5,5,7,5,5.0,7,7,5,4,4,4,10,4,4,4,4,5,4,4,8,7,9,9,9,9,4,9,4,7,8,9,9,9
18.628189544353873,73.76748978981534,7,2,7,7,5,7,7,5,7,5,4,4,5,5,7,5,5.0,7,7,5,4,5,4,10,4,4,4,5,5,4,4,8,7,9,9,9,9,4,9,4,4,8,9,9,9
18.62819016531223,73.76758457116307,7,7,7,7,4,7,7,5,7,5,4,4,4,5,7,5,5.0,7,7,5,4,4,4,10,4,4,4,4,4,4,4,8,7,9,9,9,9,4,9,4,7,8,9,9,9
18.628190786222802,73.76767935251453,7,2,7,7,2,7,7,5,7,5,4,4,4,5,7,5,5.0,7,7,5,4,5,4,10,4,4,4,4,4,7,4,8,7,9,9,9,9,4,9,4,7,8,9,9,9
18.62809918492066,73.76749044118465,7,2,5,7,2,5,7,5,7,5,4,4,4,4,4,4,5.0,7,7,5,4,5,4,10,4,4,4,4,4,7,4,8,7,9,9,9,9,4,9,4,4,8,9,9,9
18.62809980587579,73.76758522248231,7,7,7,7,5,5,7,5,7,5,4,4,4,4,4,4,5.0,7,7,5,4,5,4,10,4,4,4,4,4,7,4,8,7,9,9,9,9,4,9,4,4,8,9,9,9
18.628100426783192,73.76768000378372,7,2,7,7,5,7,7,5,7,5,7,4,5,5,7,4,5.0,4,7,5,4,5,4,10,4,5,4,5,4,7,4,7,7,9,9,9,9,4,9,4,4,8,9,9,9
18.61995729090335,73.7388305216769,7,2,7,7,4,7,7,5,7,5,7,4,5,5,7,4,5.0,4,7,5,4,4,4,10,4,5,4,5,5,4,4,7,7,9,9,9,9,4,9,4,4,8,9,9,9
18.6199579260287,73.73892529742555,7,2,7,7,2,5,7,5,7,5,7,4,5,5,7,4,5.0,4,7,5,4,4,4,10,5,5,4,5,5,4,4,7,7,9,9,9,9,4,9,4,7,8,9,9,9
18.61986693238027,73.7388311878738,7,7,7,7,2,5,7,5,7,5,7,4,5,5,7,4,5.0,4,7,5,4,4,4,10,5,5,4,4,4,7,4,7,7,9,9,9,9,4,9,4,4,8,9,9,9
18.6198675675023,73.73892596357244,7,7,7,7,5,7,7,5,7,5,7,4,5,5,7,4,5.0,4,7,5,4,4,4,10,5,4,4,4,4,7,4,4,7,9,9,9,9,4,9,4,4,8,9,9,9
18.47982767465368,73.98334932594534,7,2,5,7,5,7,7,5,7,7,7,4,5,5,7,4,5.0,4,7,5,4,4,4,10,5,4,4,4,4,5,4,4,7,9,9,9,9,4,8,4,4,8,9,9,9
18.47982818293837,73.98344403248957,7,2,7,7,4,7,7,5,4,7,7,4,5,5,7,4,5.0,4,5,5,4,4,4,10,5,5,4,4,5,5,4,4,7,9,9,9,9,4,8,4,4,8,9,9,9
18.479828691175697,73.98353873903683,7,2,7,7,2,7,7,5,4,2,7,5,5,5,7,4,5.0,4,7,5,4,5,4,10,5,5,4,5,5,4,4,7,5,9,9,9,9,4,8,4,4,8,9,9,9
18.47982919936576,73.98363344558719,7,7,7,7,2,5,7,5,4,2,7,5,5,5,7,4,5.0,4,7,5,4,4,4,10,5,5,4,4,4,4,4,7,7,9,9,9,9,4,8,4,4,8,9,9,9
18.47982970750846,73.9837281521406,7,2,7,7,5,5,7,5,4,5,7,5,5,5,7,4,5.0,4,7,5,4,5,4,10,5,5,4,4,4,4,4,7,5,9,9,9,9,4,8,4,4,8,9,9,9
18.479830215603823,73.9838228586971,7,2,7,7,5,7,7,5,4,5,7,5,5,5,7,4,5.0,4,7,5,4,5,4,10,5,4,4,4,4,4,4,7,5,9,9,9,9,4,8,4,7,8,9,9,9
18.47983072365185,73.98391756525665,7,7,7,7,4,7,7,5,4,2,7,2,5,5,7,4,5.0,4,7,5,4,5,4,10,5,4,4,4,4,4,4,4,5,9,9,9,9,4,8,4,4,8,9,9,9
18.47983123165254,73.98401227181927,7,7,5,7,4,7,7,5,4,2,7,2,5,4,4,4,5.0,4,7,5,4,4,4,10,7,5,4,5,4,4,4,4,5,9,9,9,9,4,8,4,4,8,9,9,9
18.4797373070829,73.98334985865846,7,7,7,7,4,7,7,5,4,5,7,5,5,4,4,4,5.0,4,7,5,4,4,4,10,7,5,4,5,5,4,4,4,8,9,9,9,9,4,8,4,4,8,9,9,9
18.479737815365,73.98344456515306,7,7,7,7,4,5,7,5,4,5,7,5,5,5,4,4,5.0,4,4,5,4,4,4,10,5,5,4,5,5,4,4,7,5,9,9,9,9,7,8,4,4,8,9,9,9
18.47973832359972,73.98353927165073,7,7,7,7,4,5,7,5,4,2,7,2,5,5,4,4,5.0,4,7,5,4,4,4,10,5,5,4,4,4,4,4,7,5,9,9,9,9,7,8,4,4,8,9,9,9
18.479738831787,73.98363397815146,7,7,7,7,4,7,7,5,7,2,7,2,5,5,4,4,5.0,4,7,5,4,4,4,10,7,5,4,4,4,4,4,7,5,9,9,9,9,7,8,4,4,8,9,9,9
18.47973933992712,73.98372868465529,7,7,7,7,4,7,7,5,7,2,7,5,5,5,4,4,5.0,4,7,5,4,4,4,10,7,5,4,4,4,4,4,7,5,9,9,9,9,7,8,4,4,8,9,9,9
18.47973984801982,73.98382339116219,7,7,7,7,4,2,7,5,7,2,2,5,5,5,7,5,5.0,5,5,5,4,4,4,7,5,4,4,4,4,4,7,4,5,9,7,9,9,9,8,4,4,8,9,8,9
18.479740356065193,73.98391809767213,7,7,5,7,4,2,7,7,7,2,2,7,5,5,7,5,5.0,7,7,5,4,4,4,7,5,4,4,5,4,4,7,4,8,9,7,9,9,9,8,4,4,8,9,8,9
18.4797408640632,73.98401280418514,7,7,7,7,4,2,7,7,7,2,2,7,7,5,7,5,5.0,7,7,5,4,4,4,7,7,4,4,4,5,4,7,4,5,9,7,9,9,9,8,4,4,8,9,8,9
18.47964693951141,73.98335039136849,7,2,7,7,4,7,7,5,7,2,7,2,7,5,7,5,5.0,5,7,5,4,5,4,7,7,4,4,4,5,4,7,7,5,9,7,9,9,9,8,4,4,8,9,8,9
18.4796474477907,73.9834450978135,7,2,7,7,4,7,7,5,7,2,7,2,7,5,7,5,5.0,5,7,5,4,5,4,7,5,4,4,4,4,4,4,7,5,9,9,9,9,9,8,4,7,8,9,8,9
18.479647956022802,73.98353980426155,7,7,7,7,4,2,7,7,7,5,7,7,5,5,7,5,5.0,7,7,5,4,5,4,7,5,4,4,4,4,4,7,7,5,9,9,9,9,9,8,4,4,8,9,8,9
18.4796484642075,73.98363451071269,7,7,7,7,7,2,7,7,7,7,7,7,5,5,7,5,5.0,7,7,5,4,4,4,7,7,4,4,5,4,4,7,7,5,9,9,9,9,8,8,4,4,8,9,8,9
18.47964897234491,73.98372921716691,7,7,7,7,4,2,7,5,7,7,2,2,7,5,7,5,5.0,7,7,5,4,4,4,7,7,4,4,5,4,4,7,4,8,9,9,9,9,8,8,4,4,8,9,8,9
18.4796494804349,73.98382392362419,7,7,7,7,4,2,7,5,7,7,7,2,7,5,7,5,5.0,5,4,7,4,4,4,7,5,4,4,5,4,4,7,4,5,9,9,9,9,9,8,4,4,8,9,8,9
18.47964998847766,73.98391863008453,7,7,7,7,4,2,7,5,7,5,2,5,7,5,7,5,4.0,7,7,5,4,4,4,7,5,4,4,4,5,4,4,4,5,9,9,9,9,9,8,4,4,8,9,8,9
18.479650496473,73.98401333654796,7,7,7,7,4,2,7,5,7,7,2,7,5,5,7,5,4.0,7,7,5,4,4,4,7,7,4,4,4,5,4,4,7,5,9,9,9,9,8,8,4,4,8,9,8,9
18.476469454535422,74.01481219699708,4,7,7,7,4,2,7,4,7,7,2,7,5,5,7,5,5.0,7,7,5,4,4,4,7,7,4,4,4,4,4,4,7,5,9,9,9,9,8,8,4,4,8,9,8,9
18.47646994700454,74.01490690261103,4,7,7,7,4,2,7,4,7,7,2,7,7,5,7,4,5.0,7,5,5,4,4,4,4,5,4,4,4,4,4,4,4,5,9,7,9,9,9,8,4,4,8,9,8,9
18.47647043942634,74.01500160822793,4,7,7,7,4,2,7,4,7,7,2,5,7,5,7,4,5.0,7,7,5,4,4,4,4,5,4,4,5,4,4,4,4,8,9,7,9,9,9,8,4,4,8,9,8,9
18.476470931800808,74.0150963138478,4,7,7,7,4,2,7,4,7,7,2,7,7,5,7,4,5.0,7,7,5,4,4,4,4,4,4,4,5,4,4,4,4,5,9,7,9,9,9,8,4,7,8,9,8,9
18.476471424127897,74.01519101947069,4,7,7,7,4,2,7,4,7,7,2,7,7,4,7,4,5.0,7,7,7,4,4,4,4,4,4,4,5,4,4,4,4,5,9,7,9,9,9,8,4,7,8,9,8,9
18.4764719164077,74.01528572509652,4,7,7,7,4,2,7,4,4,7,7,7,7,4,7,4,5.0,5,7,5,4,4,4,4,5,4,4,5,5,4,4,4,5,9,9,9,9,9,8,4,7,8,9,8,9
18.476379086061,74.01481271312505,4,7,7,5,4,2,7,4,4,7,2,7,7,4,7,4,5.0,7,7,5,4,4,4,4,5,4,4,4,5,4,4,7,5,9,9,9,9,9,9,4,7,8,9,8,9
18.476379578527556,74.01490741868939,4,7,7,7,4,2,7,4,5,7,2,7,7,4,7,4,5.0,7,7,5,4,4,4,4,5,4,4,4,4,4,4,7,5,9,9,9,9,9,9,4,4,8,9,8,9
18.47638007094678,74.01500212425671,4,7,7,7,4,2,7,5,5,7,2,7,7,5,7,4,5.0,7,7,5,7,4,4,4,5,4,4,4,4,4,4,4,9,9,9,9,9,9,9,4,4,8,9,8,9
18.4763805633186,74.01509682982699,4,7,7,7,4,2,7,5,5,7,2,7,7,7,7,4,5.0,7,5,7,7,4,4,4,5,4,4,4,4,4,4,4,8,9,9,9,9,9,9,4,4,8,9,8,9
18.4763810556432,74.01519153540025,4,7,7,7,4,2,7,5,5,2,2,7,7,7,7,4,5.0,7,7,7,7,4,4,4,4,4,4,5,4,4,4,4,8,9,9,9,9,9,9,4,4,8,9,8,9
18.47638154792049,74.0152862409765,4,7,7,7,4,2,7,5,2,2,2,7,7,7,7,4,5.0,7,7,7,7,4,7,4,4,4,4,5,4,4,4,4,7,9,9,9,7,9,9,4,4,8,9,8,9
18.47628871758574,74.01481322925005,4,7,7,7,4,2,2,5,2,2,2,7,7,7,7,4,5.0,7,5,5,7,4,7,4,5,4,4,5,5,4,4,4,7,9,9,9,8,9,9,4,4,8,9,8,9
18.47628921004971,74.01490793476479,4,7,7,7,7,5,2,5,2,2,7,7,7,7,7,4,5.0,5,5,5,7,4,7,4,5,4,4,5,5,4,4,7,8,9,7,9,8,9,9,4,4,8,9,8,9
18.476289702466353,74.0150026402825,4,7,7,7,7,5,2,5,5,2,2,5,7,7,7,4,5.0,7,7,5,7,4,7,4,5,4,5,4,4,4,4,7,9,9,7,9,8,8,9,4,4,8,9,8,9
18.476290194835673,74.0150973458032,4,7,7,7,4,5,2,5,5,2,2,5,5,7,7,4,5.0,7,7,5,7,4,7,4,5,4,5,4,4,4,4,4,8,9,7,9,8,8,9,4,7,8,9,8,9
18.47629068715766,74.01519205132686,4,7,7,7,4,7,7,5,5,7,2,5,5,5,7,4,5.0,7,7,7,7,4,7,4,5,4,5,4,4,4,4,4,8,9,7,9,8,9,9,4,7,8,9,8,9
18.476291179432327,74.01528675685351,4,7,7,7,7,7,7,7,5,2,2,7,4,2,7,4,5.0,7,7,7,7,4,7,4,5,4,5,4,4,4,4,4,7,9,9,9,8,8,9,4,7,8,9,8,9
18.47619834910959,74.01481374537205,4,7,7,7,7,2,2,7,2,2,2,5,4,2,7,4,5.0,7,7,7,4,4,7,4,5,4,5,5,4,4,4,4,7,9,9,9,8,8,9,4,4,8,9,8,9
18.47619884157098,74.0149084508372,4,4,7,7,4,2,2,7,2,7,2,7,5,7,7,4,,7,7,5,4,4,7,4,5,4,5,5,5,4,4,7,8,9,9,9,7,8,9,4,4,8,9,8,9
18.47619933398504,74.01500315630533,4,7,7,7,4,2,2,5,2,7,2,5,4,7,7,4,,7,7,5,7,4,7,4,5,4,4,4,5,4,4,7,4,9,9,9,8,8,9,7,4,8,9,8,9
18.47619982635178,74.01509786177644,4,7,7,7,7,4,2,7,5,7,5,5,4,2,7,4,,4,7,5,7,4,7,4,5,4,4,4,4,4,4,7,4,9,9,9,8,8,9,7,7,8,9,8,9
18.4762003186712,74.01519256725052,4,7,7,7,7,7,2,7,5,7,7,5,5,2,7,4,,7,7,5,7,4,7,4,5,4,4,4,4,4,4,4,4,9,9,9,8,8,9,4,7,8,9,8,9
18.47620081094329,74.01528727272755,4,7,7,7,4,7,2,7,5,2,7,7,4,2,7,4,,7,7,7,4,4,4,4,5,4,4,4,4,4,4,4,4,9,9,9,8,8,9,7,7,8,9,8,9
18.476107980632502,74.0148142614911,4,7,7,7,4,7,2,7,5,2,7,7,4,5,7,4,,5,7,7,4,4,4,4,5,4,4,4,4,4,4,4,4,9,9,9,8,8,9,7,7,8,9,8,9
18.4761084730913,74.01490896690665,4,7,2,7,4,5,2,7,2,7,7,7,5,2,7,4,,5,7,4,7,4,4,4,5,4,4,4,4,4,4,4,4,9,9,9,8,8,9,7,7,8,9,8,9
18.47610896550286,74.01500367232515,4,7,7,7,4,5,2,7,2,7,2,5,4,2,7,4,,7,7,5,7,4,4,4,5,4,4,5,5,4,4,7,4,9,9,9,8,8,9,7,4,8,9,8,9
18.476109457867,74.01509837774668,4,7,7,2,4,5,2,7,2,7,2,5,4,7,7,4,,7,7,5,7,4,4,4,5,4,4,4,5,4,4,7,4,9,9,9,7,8,9,7,4,8,9,8,9
18.4761099501838,74.01519308317116,4,7,7,2,4,7,2,7,5,5,2,5,4,7,7,4,,7,7,5,7,4,4,4,5,4,4,4,4,4,4,7,7,9,9,9,8,8,9,7,4,8,9,8,9
18.47611044245338,74.0152877885986,4,7,7,7,4,7,2,7,5,2,2,7,4,2,7,4,,7,7,5,7,4,4,4,5,4,4,4,4,4,4,4,4,9,9,9,8,8,9,7,7,8,9,8,9
18.64553891148545,73.70034496043644,7,7,7,7,4,2,2,7,5,2,2,7,7,2,7,4,,7,7,7,7,4,4,4,5,4,4,4,4,4,4,4,4,9,9,9,8,8,8,7,7,8,9,8,9
18.64553956685514,73.70043974893741,7,7,7,2,4,2,2,7,5,2,2,7,7,2,4,4,,7,7,7,7,4,4,4,5,4,4,4,4,4,7,4,4,9,9,9,8,8,8,7,7,8,9,8,9
18.645540222177,73.70053453744231,7,7,2,2,4,2,2,5,2,2,2,5,7,5,5,5,,7,7,4,7,4,4,4,5,4,4,4,4,4,7,4,4,9,9,9,8,9,9,7,7,8,9,8,9
18.645540877451197,73.70062932595116,2,7,7,2,4,4,2,5,2,2,5,5,7,5,5,5,,4,7,5,7,4,4,4,5,4,4,4,7,4,7,4,4,9,9,9,8,9,9,7,7,8,9,8,9
18.64554153267758,73.70072411446395,2,7,7,2,4,7,2,5,2,5,7,5,7,5,4,5,,7,7,5,7,4,4,4,5,4,4,4,7,4,7,7,4,9,9,9,8,9,8,7,4,8,9,8,9
18.645542187856194,73.70081890298067,7,7,7,7,4,7,2,5,5,2,7,5,7,2,5,5,,7,7,7,7,4,4,4,5,4,4,4,4,4,7,7,7,9,9,9,8,9,8,7,4,8,9,8,9
18.645542842987002,73.70091369150136,7,7,7,7,4,7,2,5,5,2,7,5,7,2,5,5,,5,7,7,7,4,4,4,5,4,4,4,4,4,7,4,7,9,9,9,8,9,8,7,4,8,9,8,9
18.645543498069998,73.70100848002595,2,7,7,7,4,5,2,5,5,2,5,7,7,2,4,5,,5,7,7,7,4,4,4,4,4,4,4,4,4,7,4,4,9,9,9,8,9,8,7,7,8,9,8,9
18.6454485545717,73.70034564797204,2,7,7,7,4,5,2,5,5,2,5,5,7,2,4,5,,7,7,7,7,4,4,4,5,4,4,4,4,4,7,4,4,9,9,9,8,9,8,7,7,8,9,8,9
18.64544920993798,73.70044043642291,2,7,7,2,4,5,2,5,2,2,5,5,2,2,5,5,,7,7,4,7,4,4,4,5,4,4,4,4,4,7,4,4,9,9,9,8,9,8,7,7,8,9,8,9
18.6454498652565,73.7005352248777,2,7,7,2,4,5,2,5,2,5,5,5,2,5,5,5,,7,7,5,7,4,4,4,5,4,4,4,7,4,7,4,4,9,9,9,8,9,8,7,7,8,9,8,9
18.6454505205272,73.70063001333644,5,7,7,2,4,5,2,5,2,2,5,5,7,5,7,5,,7,7,5,7,4,4,4,5,4,4,4,7,4,7,7,4,9,9,9,8,9,8,7,7,8,9,8,9
18.6454511757502,73.70072480179913,5,4,7,2,4,7,2,5,5,2,5,5,7,5,7,5,,7,7,7,7,5,4,4,5,4,4,5,4,4,7,7,4,9,9,9,8,9,8,7,9,8,9,8,9
18.64545183092542,73.70081959026574,2,4,7,7,4,7,7,5,5,2,5,7,7,5,5,5,,7,7,7,7,5,4,4,5,4,4,5,4,4,7,4,7,9,9,9,9,9,8,7,9,8,9,8,9
18.6454524860528,73.7009143787363,2,4,7,7,4,7,7,5,5,2,2,5,7,5,5,5,,7,7,7,7,5,4,4,4,4,4,5,4,4,7,4,7,9,9,9,9,9,9,7,9,8,9,8,9
18.64545314113252,73.7010091672108,2,4,7,7,5,7,7,5,5,2,7,5,2,5,7,5,,4,7,7,7,5,4,4,5,4,4,5,4,4,7,4,4,9,9,9,9,9,9,7,9,8,9,8,9
18.64535819765705,73.7003463355037,2,4,7,7,4,7,7,5,2,5,7,5,7,5,7,5,,5,7,4,7,5,4,4,5,4,4,5,4,4,7,4,4,9,9,9,9,9,8,7,9,8,9,8,9
18.64535885301993,73.70044112390444,2,7,7,2,4,7,2,5,2,2,7,5,2,2,5,5,,5,7,5,7,5,4,4,5,4,4,5,4,4,7,7,4,9,9,9,8,9,8,7,9,8,9,8,9
18.64535950833504,73.70053591230914,2,7,7,2,4,7,2,5,2,2,7,5,2,2,5,5,,5,7,5,7,5,4,4,5,4,4,5,4,4,7,7,4,9,9,9,8,9,8,7,9,8,9,8,9
18.645360163602298,73.70063070071777,5,4,7,2,4,5,2,5,5,2,5,7,7,2,7,5,,5,5,7,7,5,4,4,5,4,4,5,4,4,7,7,4,9,8,9,8,9,8,7,9,8,9,8,9
18.645360818821896,73.70072548913032,5,4,7,7,4,5,2,5,5,2,5,5,7,2,7,5,,7,7,7,5,5,4,4,5,4,4,5,4,7,7,4,4,9,8,9,8,9,8,7,9,8,9,8,9
18.645361473993763,73.70082027754684,2,4,7,7,4,5,2,5,5,2,5,5,7,2,5,5,,7,7,7,7,5,4,4,4,4,4,5,4,7,7,4,7,9,8,9,8,9,8,7,9,8,9,8,9
18.64536212911779,73.70091506596731,2,4,7,7,5,5,2,5,5,7,5,5,7,5,5,4,,7,7,7,7,5,4,4,5,4,4,5,4,7,7,4,7,9,8,9,8,9,8,7,9,8,9,8,9
18.645362784194,73.70100985439169,2,4,7,2,4,5,2,5,2,7,5,5,2,5,7,4,,7,7,4,5,5,4,4,5,5,4,5,4,7,7,4,4,9,8,9,8,9,8,7,9,8,9,8,9
18.645267840741514,73.70034702303144,2,7,7,2,4,7,2,5,2,7,5,5,7,5,7,4,,7,5,4,5,5,4,4,5,5,4,5,5,7,7,7,4,9,8,9,8,9,8,7,9,8,9,8,9
18.64526849610099,73.70044181138206,2,7,7,2,5,7,7,5,2,7,5,7,7,5,5,4,,7,7,4,5,5,4,4,5,5,4,5,5,7,7,7,4,9,8,9,9,9,8,7,9,8,9,8,9
18.6452691514127,73.70053659973664,2,4,7,2,5,7,7,5,5,7,2,7,7,5,5,4,,7,7,4,5,5,4,4,5,5,4,5,5,7,7,7,4,9,8,9,9,9,8,7,9,8,9,8,9
18.64526980667664,73.70063138809516,2,4,7,2,5,5,7,5,5,7,5,7,7,5,7,4,,7,7,4,5,5,4,4,5,5,4,5,5,7,7,4,4,9,8,9,9,9,8,7,8,8,9,8,9
18.645270461892807,73.70072617645762,2,4,7,7,5,5,7,5,5,5,5,5,7,5,7,4,,7,7,4,5,5,4,4,4,5,4,5,5,7,7,4,4,9,8,9,9,9,8,7,8,8,9,8,9
18.645271117061213,73.70082096482403,2,4,7,7,5,5,2,5,5,5,5,7,2,5,4,4,,7,5,4,5,5,4,4,5,5,4,5,5,7,7,7,4,9,8,9,8,9,8,7,8,8,9,8,9
18.64527177218184,73.70091575319437,2,4,7,7,4,5,2,5,2,5,5,7,2,5,4,4,,7,5,4,7,5,4,4,5,5,4,5,5,7,7,7,4,9,8,9,8,9,8,7,8,8,9,8,9
18.6452724272547,73.70101054156864,2,4,7,7,4,5,2,5,2,5,5,5,2,5,5,4,,7,5,4,7,5,4,4,5,5,4,5,5,7,4,7,4,9,8,9,8,9,8,4,8,8,9,8,9
18.645486631589307,73.73238570813203,7,4,7,7,5,4,2,5,2,2,5,5,5,5,5,4,,7,5,4,5,5,4,4,5,5,4,5,5,7,4,7,4,9,8,9,8,9,8,4,8,8,9,8,9
18.6454872708023,73.73248049779815,2,4,7,7,5,4,2,5,5,2,5,5,5,2,5,4,,7,5,4,5,5,4,4,4,7,4,5,5,7,7,7,4,9,8,9,8,9,8,4,8,8,9,8,9
18.64548790996752,73.73257528746814,2,4,7,7,5,7,2,5,5,5,5,5,5,5,5,4,,7,5,4,7,5,4,4,4,7,4,5,5,7,7,4,4,9,9,9,8,9,8,4,8,8,9,8,9
18.64548854908497,73.73267007714195,2,4,7,2,5,5,2,5,2,5,5,4,5,5,5,4,,7,5,4,7,5,4,4,4,5,4,5,4,7,4,4,4,9,9,9,8,9,8,4,8,8,9,8,9
18.645177483825076,73.70034771055519,2,4,7,2,5,5,2,5,2,2,5,4,7,5,5,4,,7,5,4,5,5,4,4,5,5,4,5,4,7,4,7,4,9,9,9,9,9,8,4,8,8,9,8,9
18.645178139181162,73.70044249885574,2,4,7,2,4,5,7,5,2,2,5,4,7,5,5,4,,7,5,4,5,5,4,4,5,7,4,5,5,7,4,7,4,9,9,9,9,9,8,4,8,8,9,8,9
18.64517879448946,73.7005372871602,2,4,7,2,4,5,7,5,2,5,5,4,7,5,5,5,,7,5,4,7,5,4,5,5,7,4,5,5,7,4,7,4,9,9,9,9,9,8,4,8,8,9,8,9
18.64517944975,73.70063207546863,2,4,7,2,4,5,7,5,2,5,5,4,7,5,5,5,,7,5,4,7,5,4,7,5,5,4,5,7,7,4,7,4,9,9,9,9,9,8,4,8,8,9,8,9
18.645180104962698,73.70072686378097,2,4,7,7,4,4,7,5,5,2,5,4,7,5,5,5,,7,5,4,5,5,4,7,4,5,4,5,5,5,7,7,4,9,9,9,9,9,8,4,8,8,9,8,9
18.6451807601277,73.70082165209725,2,4,7,7,5,4,2,5,5,2,5,4,2,5,5,5,,7,5,4,5,5,4,7,4,7,5,5,5,5,7,7,4,9,9,9,8,9,8,4,9,8,9,8,9
18.64518141524,73.70091644041749,2,4,7,7,5,7,2,5,2,5,5,4,2,5,5,5,,7,5,4,7,5,4,7,4,7,5,5,5,7,4,7,4,9,9,9,8,9,8,4,9,8,9,8,9
18.645182070314398,73.70101122874165,2,4,7,7,5,5,2,5,2,5,5,4,2,5,5,5,,7,5,4,7,5,4,7,5,5,4,5,4,7,4,7,4,9,9,9,8,9,8,4,9,8,9,8,9
18.645396273536672,73.73238637871837,7,4,7,7,4,5,2,5,2,2,5,4,5,5,5,5,,7,5,4,5,5,4,4,5,5,4,5,4,5,4,7,4,9,9,9,8,9,8,4,9,8,9,8,9
18.64539691274634,73.73248116833439,2,4,7,7,4,5,2,5,2,2,5,4,5,2,5,5,,7,5,4,5,5,4,4,4,7,4,5,5,5,7,7,4,9,9,9,8,9,8,4,9,8,9,8,9
18.6453975519082,73.73257595795425,2,4,7,7,4,4,2,5,2,5,5,4,5,5,5,5,,7,5,4,7,5,4,4,4,7,4,5,5,7,7,9,4,9,9,9,8,9,8,4,8,8,9,8,9
18.645398191022373,73.73267074757793,2,4,7,7,4,4,2,5,5,4,5,4,5,5,5,5,,7,5,4,7,5,4,4,4,5,4,5,7,7,7,9,4,9,9,9,8,9,8,4,8,8,9,8,9
18.64508712690776,73.70034839807505,7,4,7,7,5,4,2,5,5,4,5,4,5,5,5,5,,7,5,4,5,5,4,4,4,5,4,5,5,5,7,9,4,9,9,9,9,9,8,4,9,8,9,8,9
18.64508778226043,73.70044318632546,7,4,7,7,5,4,2,5,2,4,5,4,5,5,5,5,,7,5,4,5,5,4,4,4,5,5,5,5,5,4,9,4,9,9,9,8,9,8,4,9,8,9,8,9
18.645088437565327,73.70053797457982,7,4,7,7,5,7,2,5,2,4,5,4,5,5,5,5,,7,5,4,5,5,4,4,5,5,5,5,5,7,4,9,4,9,9,9,8,9,8,4,9,8,9,8,9
18.64508909282246,73.70063276283814,7,4,7,7,4,2,2,5,2,4,7,4,5,5,5,5,,7,5,4,5,5,4,4,5,5,4,5,4,7,4,9,4,9,9,9,8,9,8,4,9,8,9,8,9
18.64508974803183,73.70072755110039,7,4,7,7,4,2,2,5,2,4,7,4,5,5,5,5,,7,5,4,5,5,4,4,4,5,4,5,4,4,7,9,4,9,9,9,8,9,8,4,9,8,9,8,9
18.645090403193397,73.70082233936655,7,4,7,7,4,7,2,5,2,4,2,4,7,5,5,5,,7,5,4,5,5,4,4,4,5,4,5,4,4,7,9,4,9,9,9,8,9,8,4,8,8,9,8,9
18.645091058307248,73.70091712763667,7,4,7,7,4,7,2,2,5,4,2,4,7,5,5,5,,7,5,4,5,5,4,4,4,5,4,5,4,4,7,9,4,9,9,9,9,9,8,4,8,8,9,8,9
18.6450917133733,73.70101191591073,2,4,7,7,5,4,2,2,5,4,5,4,2,5,5,5,,7,5,4,5,5,4,4,4,5,4,5,7,4,7,9,4,9,9,9,9,9,8,4,9,8,9,8,9
18.645305915483142,73.73238704930087,7,4,7,7,5,2,2,5,2,4,7,4,5,5,5,5,,7,5,4,5,5,4,4,4,5,4,5,4,4,4,9,4,9,9,9,9,9,8,4,9,8,9,8,9
18.645306554689398,73.73248183886676,2,4,7,7,5,2,2,5,2,4,7,4,7,5,5,5,,7,5,4,5,5,4,4,5,4,5,5,4,7,4,9,4,9,9,9,8,9,8,4,9,8,9,8,9
18.645307193848073,73.73257662843652,2,4,7,7,4,7,2,2,2,4,2,4,7,5,5,5,,7,5,4,5,5,4,4,5,4,5,5,4,7,4,9,4,9,9,9,8,9,8,4,9,8,9,8,9
18.645307832958878,73.73267141801011,7,4,7,7,4,7,2,2,2,4,2,4,5,5,5,5,,7,5,4,5,5,4,4,4,4,4,5,4,4,7,9,4,9,9,9,8,9,8,4,9,8,9,8,9
18.64499676998954,73.70034908559093,7,4,4,7,4,4,2,5,2,4,5,4,5,5,5,5,,7,5,4,5,5,5,4,4,5,4,5,5,4,7,9,4,9,9,9,8,9,8,4,9,8,9,8,9
18.644997425338808,73.70044387379127,7,4,4,7,4,2,2,5,5,5,2,4,5,5,5,5,,7,5,4,5,5,5,4,4,5,4,5,5,4,4,9,4,9,9,9,8,9,8,4,9,8,9,8,9
18.64499808064031,73.70053866199551,7,4,7,7,5,2,2,2,5,5,2,4,5,5,5,5,,7,5,4,5,5,5,4,4,5,4,5,5,4,4,8,4,9,9,9,9,9,8,4,9,8,9,8,9
18.64499873589404,73.70063345020371,7,4,4,7,5,7,2,2,2,4,2,4,5,5,5,5,,7,5,4,5,5,5,4,4,5,4,5,4,4,4,8,4,9,9,9,9,9,8,4,9,8,9,8,9
18.6449993911,73.70072823841583,7,4,7,7,5,7,2,5,2,4,2,4,5,5,5,5,,7,5,4,5,5,5,4,5,4,4,5,4,7,4,8,4,9,9,9,9,9,8,4,9,8,9,8,9
18.645000046257998,73.70082302663191,7,7,7,7,4,4,2,5,2,4,2,4,7,5,5,5,,5,5,4,5,4,5,4,5,4,4,4,4,7,4,8,4,9,9,9,8,9,8,4,9,8,9,8,9
18.64500070136862,73.70091781485192,7,7,7,7,4,7,2,2,2,4,5,4,7,5,5,5,,5,5,4,5,4,4,4,4,4,4,4,4,4,7,8,4,9,9,9,8,9,8,4,9,8,9,8,9
18.645001356431198,73.70101260307588,2,7,7,7,4,7,2,2,7,5,5,4,2,5,5,5,,5,5,4,5,4,4,4,4,5,4,4,7,4,7,8,4,9,9,9,8,9,8,4,9,8,9,8,9
18.64490641307043,73.7003497731029,4,7,7,7,4,7,2,5,5,5,5,4,7,5,5,5,,5,5,4,5,4,4,4,4,5,4,4,4,4,4,8,4,9,9,9,9,9,8,4,9,8,9,8,9
18.6449070684163,73.70044456125311,4,7,7,7,5,7,2,4,5,4,5,4,5,5,5,5,,5,5,4,5,4,4,4,4,5,4,4,4,4,4,8,4,9,9,9,9,9,8,4,9,8,9,8,9
18.64490772371439,73.70053934940725,4,7,7,7,5,7,2,4,2,4,5,4,5,7,5,5,,5,5,4,5,4,4,4,4,5,4,4,4,4,4,8,4,9,9,9,9,9,8,4,9,8,9,8,9
18.64490837896472,73.70063413756533,4,7,7,7,2,5,2,4,2,5,5,4,5,7,5,5,,5,5,4,5,4,4,4,7,4,4,4,4,7,4,8,4,9,9,9,9,9,8,4,9,8,9,8,9
18.64490903416728,73.70072892572738,4,7,7,7,4,5,2,4,2,5,5,4,5,2,5,5,,5,5,4,5,4,4,4,7,4,4,4,5,7,4,8,4,9,9,9,9,9,8,4,9,8,9,8,9
18.64490968932207,73.70082371389333,4,7,7,7,4,7,2,4,2,5,5,4,5,2,5,5,,5,5,4,5,4,4,4,4,4,4,4,5,4,7,8,4,9,9,9,7,9,8,4,9,8,9,8,9
18.64491034442909,73.70091850206325,4,7,7,7,4,7,2,4,7,5,5,4,5,7,5,5,,5,5,4,5,4,4,4,4,5,4,4,5,4,7,8,4,9,9,9,7,9,8,4,9,8,9,8,9
18.644910999488353,73.7010132902371,4,7,7,7,4,7,7,4,5,5,5,4,7,7,5,5,,5,5,4,5,4,4,4,4,5,4,4,4,4,4,8,4,9,9,9,7,9,8,4,9,8,9,8,9
18.644816056150397,73.70035046061092,4,7,7,7,5,7,7,4,5,5,5,4,7,7,5,5,,5,5,4,5,4,4,4,4,5,4,4,4,4,4,8,4,9,9,9,7,9,8,4,9,8,9,8,9
18.644816711492,73.70044524871102,4,7,7,7,5,7,7,4,2,5,5,4,5,2,2,5,,5,5,4,5,4,4,4,4,5,4,4,4,4,4,8,4,9,9,9,7,9,8,4,9,8,9,8,9
18.644817366787592,73.70054003681506,4,7,7,7,2,5,2,4,2,5,5,4,5,2,2,5,,5,5,5,5,4,5,4,7,4,4,4,4,4,4,8,4,9,9,9,7,9,8,4,9,8,9,8,9
18.64481802203451,73.70063482492303,4,7,7,7,4,5,2,4,2,5,5,4,5,7,7,5,,5,5,5,5,4,5,4,7,4,4,4,4,4,4,8,4,9,9,9,7,9,8,4,9,8,9,8,9
18.644818677233673,73.70072961303495,4,7,7,7,4,7,7,4,2,5,5,4,5,7,5,7,,5,5,5,5,4,5,4,7,4,4,4,4,4,7,8,4,9,9,9,7,9,8,4,9,8,9,8,9
18.644819332385058,73.70082440115081,4,7,7,7,4,7,7,5,7,5,5,4,5,7,5,7,,5,5,5,5,4,4,4,7,5,4,4,4,4,7,8,4,9,8,9,7,9,8,4,9,8,9,8,9
18.644819987488603,73.70091918927059,4,7,7,7,4,7,7,5,7,5,5,4,5,2,5,5,,5,5,5,7,4,4,7,7,5,4,4,4,4,4,8,4,9,8,9,7,9,8,4,9,8,9,8,9
18.64482064254453,73.70101397739434,4,7,7,7,7,7,2,5,7,5,5,4,7,2,5,7,,5,4,5,7,4,4,4,7,5,4,4,4,4,4,8,5,9,9,9,7,9,8,4,9,8,9,8,9
18.6447256992295,73.70035114811499,4,7,7,7,7,7,2,5,5,5,5,4,7,5,2,7,,5,4,5,7,4,5,4,7,5,4,4,5,4,4,8,7,9,9,9,7,9,8,4,9,8,9,8,9
18.6447263545686,73.70044593616498,4,7,7,7,2,5,7,5,5,5,5,4,5,5,2,5,,5,4,5,5,4,5,7,7,4,4,4,5,4,4,8,7,9,9,9,7,9,8,4,9,8,9,8,9
18.644727009859892,73.70054072421892,4,5,7,7,4,5,7,5,5,5,5,4,5,5,7,5,,5,4,5,5,5,5,7,7,4,4,5,5,4,4,8,5,9,9,9,7,9,8,4,9,8,9,8,9
18.644727665103396,73.70063551227679,4,5,7,7,4,7,7,5,7,5,5,4,5,5,5,5,,5,4,5,5,5,4,7,7,4,4,5,4,4,7,8,7,9,9,9,7,9,8,4,9,8,9,8,9
18.644728320299173,73.70073030033859,4,5,7,7,4,7,7,5,7,5,5,4,5,5,5,5,,5,4,5,5,5,4,7,7,5,4,5,4,4,7,8,7,9,9,9,9,9,8,4,9,8,9,8,9
18.6447289754471,73.70082508840434,4,5,7,7,4,7,7,5,5,7,5,7,7,5,5,4,,5,4,5,7,5,4,4,7,5,4,5,4,4,4,8,5,9,9,9,9,9,8,4,9,8,9,8,9
18.64472963054737,73.70091987647403,4,5,7,7,7,7,7,5,5,7,5,7,7,5,5,4,,5,4,4,7,5,4,4,4,5,4,5,4,4,4,8,7,9,9,9,9,9,8,4,9,8,9,8,9
18.64473028559982,73.70101466454767,4,5,7,7,7,7,7,5,5,7,5,7,2,5,2,7,,5,4,4,7,5,4,4,4,5,4,5,4,4,4,8,7,9,9,9,9,9,8,4,9,8,9,8,9
18.63525557447651,73.68990175630013,7,5,7,7,2,5,7,5,7,7,5,7,7,5,2,7,,5,4,4,5,5,4,4,4,4,4,5,5,4,4,8,5,9,9,9,9,9,8,4,9,8,9,8,9
18.6352562347609,73.68999653870142,7,5,7,7,4,5,5,5,7,2,5,2,7,5,7,4,,5,4,4,5,5,4,4,4,4,4,5,5,4,4,8,7,9,9,9,9,9,8,4,9,8,9,8,9
18.635256894997603,73.6900913211067,7,5,7,7,4,4,5,5,5,7,5,7,2,5,5,7,,5,4,4,7,5,4,4,4,4,4,5,5,4,7,8,7,9,9,9,9,9,8,4,9,8,9,8,9
18.635257555186502,73.69018610351594,7,7,7,7,4,5,7,5,5,7,5,7,2,5,5,7,,5,4,4,7,5,4,4,4,5,4,5,4,4,7,8,7,9,9,9,9,9,8,4,9,8,9,8,9
18.63525821532778,73.69028088592917,7,7,7,7,4,5,7,5,5,7,5,7,2,5,5,7,,5,4,4,7,5,4,4,4,5,4,5,4,4,4,8,7,9,9,9,9,9,8,4,9,8,9,8,9
18.635165217841262,73.68990244894906,7,7,7,7,7,5,7,5,7,7,5,7,7,5,5,7,,5,4,4,7,5,4,4,4,4,4,5,4,4,4,8,7,9,9,9,9,9,8,4,9,8,9,8,9
18.63516587812226,73.68999723130027,7,7,7,7,7,5,7,5,7,2,5,2,7,5,2,4,,5,4,4,7,5,4,4,4,4,4,5,4,4,4,8,7,9,9,9,9,9,8,4,9,8,9,8,9
18.63516653835552,73.69009201365546,7,7,7,7,2,5,7,5,5,7,5,7,2,5,2,7,,5,4,4,5,5,4,4,4,4,4,5,4,4,4,8,7,9,9,9,9,9,8,4,9,8,9,8,9
18.635167198541,73.69018679601464,7,7,7,7,2,5,5,5,5,7,5,7,2,5,7,7,,5,4,4,5,5,4,4,4,4,4,5,5,4,4,8,7,9,9,9,9,9,8,4,9,8,9,8,9
18.63516785867881,73.69028157837778,7,7,7,7,2,4,5,5,5,2,5,2,2,5,2,7,,5,4,4,7,5,4,4,4,4,4,5,5,4,7,8,7,9,9,9,9,9,8,4,9,8,9,8,9
18.635074861205112,73.68990314159399,4,7,7,7,2,5,7,5,5,2,5,2,7,5,2,7,,5,4,4,7,5,5,4,4,5,4,5,5,4,7,8,7,9,9,9,9,9,8,4,9,8,9,8,9
18.63507552148268,73.68999792389512,4,7,7,7,2,5,7,5,5,2,5,2,7,5,5,4,,5,4,4,7,5,5,4,4,5,4,5,4,4,4,8,7,9,9,9,9,9,8,4,9,8,9,8,9
18.63507618171251,73.69009270620026,4,7,7,7,2,5,7,5,7,7,5,7,2,5,5,7,,5,5,4,7,5,4,4,4,4,4,5,4,4,4,4,7,9,9,9,9,9,8,4,9,8,9,8,9
18.635076841894602,73.69018748850934,4,7,7,7,2,5,7,5,7,7,5,7,2,5,7,7,,5,5,4,7,5,5,4,4,4,4,5,4,4,4,4,7,9,9,9,9,9,8,4,9,8,9,8,9
18.6350775020289,73.69028227082242,4,7,7,7,2,5,7,5,7,2,5,2,2,5,7,7,,5,5,4,5,5,5,4,4,4,4,5,4,4,4,4,7,9,9,9,9,9,8,4,9,8,9,8,9
18.6277059030357,73.72209130967758,7,7,7,7,2,5,5,5,7,2,5,2,5,5,7,7,,5,5,4,5,5,4,4,4,4,4,5,4,4,4,4,7,9,9,9,9,9,8,4,9,8,9,8,9
18.62770654684768,73.72218608910288,4,7,5,7,2,5,5,5,7,2,5,2,5,5,2,4,,5,5,4,7,5,4,4,4,4,4,5,5,4,7,4,7,9,9,9,9,9,8,4,9,8,9,8,9
18.627707190611922,73.72228086853202,4,7,5,7,2,5,7,5,7,7,5,7,5,5,2,7,,5,5,4,7,5,4,4,4,5,4,5,4,4,7,4,7,9,9,9,9,9,8,4,9,8,9,8,9
18.627707834328397,73.72237564796505,4,7,5,7,2,5,7,5,7,7,5,7,5,5,5,4,,5,5,4,7,5,7,4,4,5,4,5,4,4,4,4,7,9,9,9,9,9,8,4,7,8,9,8,9
18.6277084779972,73.72247042740193,4,4,5,7,2,5,7,7,7,2,5,2,5,5,5,7,,5,5,4,7,5,7,5,4,5,4,5,4,4,4,4,7,9,9,9,9,9,8,4,7,8,9,8,9
18.627709121618302,73.7225652068427,7,4,7,7,5,5,7,7,7,2,5,2,5,5,7,7,,5,5,4,7,7,7,7,4,5,4,7,4,4,4,4,7,9,9,9,9,9,8,4,7,8,9,8,8
18.627709765191646,73.72265998628734,7,4,7,7,2,5,7,7,7,2,5,7,5,5,7,7,,5,5,4,5,7,7,7,4,4,4,7,4,4,4,4,7,9,9,9,9,9,8,4,7,8,9,8,9
18.6276155451751,73.72209198501687,7,7,5,7,2,5,5,7,7,7,5,7,5,5,7,7,,5,5,4,5,7,7,4,4,4,4,7,4,4,4,4,7,9,9,9,9,9,8,4,7,8,9,8,9
18.62761618898375,73.72218676439209,4,7,5,7,5,4,5,7,7,7,4,7,5,5,2,7,,5,5,4,7,7,7,4,4,4,4,7,4,4,7,4,7,9,9,9,9,9,8,4,7,8,9,8,9
18.6276168327446,73.72228154377119,4,4,7,7,2,4,7,7,7,2,4,2,5,5,2,7,,5,5,4,7,5,7,7,4,5,4,5,4,4,7,4,7,9,9,9,9,9,8,4,7,8,9,8,9
18.6276174764578,73.72237632315418,4,4,7,7,2,4,5,4,7,2,4,2,5,5,2,7,,5,5,4,7,7,5,7,4,5,4,7,4,4,4,4,7,9,9,9,9,9,8,4,7,8,9,8,9
18.6276181201232,73.722471102541,4,4,5,7,5,4,5,4,7,2,4,7,5,5,2,7,,5,5,4,7,7,5,7,4,5,4,7,4,4,4,4,7,9,9,9,9,9,8,4,7,8,9,8,8
18.627618763740987,73.7225658819317,7,7,5,7,2,7,5,7,7,2,4,7,5,5,7,7,,4,5,4,7,7,5,5,4,5,4,7,4,4,4,4,7,9,9,9,9,9,8,4,7,8,9,8,9
18.627619407311002,73.72266066132629,7,7,7,7,2,7,5,4,7,2,4,7,5,5,7,7,,4,5,4,5,7,5,5,4,4,4,7,4,5,4,4,7,9,9,9,9,9,8,4,7,8,9,8,9
18.627525187313672,73.7220926603523,4,4,7,7,5,7,5,4,7,2,4,7,5,5,7,7,,4,5,4,5,5,5,5,4,4,4,5,4,5,4,4,7,9,9,9,9,8,8,4,7,8,9,8,9
18.6275258311189,73.72218743967747,4,4,7,7,2,7,5,7,7,2,4,7,5,5,2,7,,4,5,4,7,7,5,4,4,4,4,7,4,4,7,4,7,9,9,9,9,8,8,4,4,8,9,8,8
18.627526474876397,73.7222822190065,4,4,7,7,2,7,7,4,7,2,4,7,5,5,2,7,,4,5,4,7,7,5,4,4,5,4,7,4,4,7,4,7,9,9,9,9,8,9,4,4,8,9,8,8
18.627527118586308,73.7223769983394,4,7,7,7,5,7,5,4,7,2,4,7,5,5,2,7,,4,5,4,7,7,5,7,4,5,4,7,4,4,4,4,7,9,9,9,9,8,9,4,7,8,9,8,8
18.6275277622484,73.7224717776762,4,7,7,7,2,7,5,7,7,2,7,5,5,5,2,7,,4,5,4,7,7,5,7,4,5,4,7,4,4,4,4,4,9,9,9,9,9,9,4,7,8,9,8,9
18.62752840586279,73.72256655701683,4,4,7,7,2,7,5,4,7,7,4,7,5,5,7,7,,4,5,4,4,5,5,7,4,5,4,5,4,4,4,4,4,9,9,9,9,9,9,4,7,8,9,8,9
18.62752904942945,73.72266133636138,4,4,7,7,5,7,5,4,7,7,4,7,5,5,7,7,,4,5,4,5,7,5,5,4,4,4,7,4,5,4,4,4,9,9,9,9,9,9,4,7,8,9,8,9
18.6274348294513,73.72209333568381,4,4,7,7,2,7,5,4,4,2,4,5,5,5,7,7,,4,5,4,5,7,5,5,4,4,4,7,4,5,4,4,4,9,9,9,9,9,9,4,7,8,9,8,9
18.627435473253232,73.72218811495895,4,7,7,7,2,7,5,4,4,7,4,7,5,5,2,7,,4,5,4,7,7,5,5,4,4,4,7,4,4,7,4,4,9,9,9,9,9,9,4,7,8,9,8,9
18.62743611700743,73.72228289423794,4,7,7,7,7,7,5,2,4,7,4,7,5,5,2,7,,4,5,4,7,7,4,4,4,5,4,7,4,4,7,4,4,9,9,9,9,9,9,4,7,8,9,8,9
18.627436760713913,73.72237767352078,4,7,7,4,2,7,5,2,4,4,4,4,5,5,2,7,,4,5,4,7,4,7,4,4,5,4,5,5,4,4,4,4,9,9,9,9,9,9,4,7,8,9,8,9
18.627437404372674,73.72247245280755,4,7,7,7,2,7,5,2,4,4,7,4,5,5,2,7,,4,5,4,7,4,7,7,4,5,4,5,5,4,4,4,4,9,9,9,9,9,9,4,7,8,9,8,9
18.6274380479837,73.72256723209811,4,7,7,7,7,7,5,2,4,4,7,4,5,5,7,7,,7,5,4,4,4,7,7,4,5,4,5,5,4,7,4,4,9,9,9,9,8,9,4,7,8,9,8,9
18.62743869154702,73.7226620113926,4,7,7,7,2,7,5,2,4,4,7,4,5,5,7,7,,7,5,4,7,4,7,7,4,4,4,5,5,4,7,4,4,9,9,9,9,8,9,4,7,8,9,8,9
18.62734447158806,73.72209401101149,4,7,7,7,2,7,5,2,4,4,7,5,5,4,7,7,,4,5,4,7,4,5,5,4,4,4,5,5,4,5,4,4,9,9,9,9,8,9,7,7,8,9,8,9
18.62734511538663,73.72218879023656,4,7,7,7,7,7,5,2,4,4,7,5,5,5,7,7,,4,5,4,7,4,5,5,4,4,4,5,5,4,7,4,4,9,9,9,9,8,9,4,4,8,9,8,9
18.627345759137487,73.72228356946549,4,7,7,7,2,7,4,2,4,4,7,4,5,4,7,7,,7,5,4,7,4,7,5,4,5,5,5,5,4,7,4,4,9,9,9,9,9,9,4,7,8,9,8,9
18.6273464028406,73.7223783486983,4,7,7,4,2,7,4,2,4,4,7,4,5,4,7,7,,7,5,4,7,4,5,5,4,5,4,5,5,4,4,4,4,9,9,9,9,9,9,4,7,8,9,8,9
18.627347046496002,73.72247312793498,4,7,7,7,7,7,4,2,4,4,7,5,5,4,7,7,,7,5,4,7,5,7,5,4,4,4,5,5,4,4,4,7,9,9,9,9,9,9,4,4,8,9,8,9
18.627347690103733,73.72256790717552,4,7,7,7,7,5,4,2,4,4,5,5,5,4,7,7,,5,5,4,4,5,7,7,4,4,4,5,5,4,4,4,7,9,9,9,9,9,9,4,4,8,9,8,9
18.627348333663694,73.72266268641994,4,7,7,7,2,5,7,2,4,7,5,5,5,4,7,7,,5,5,4,7,5,7,7,4,4,4,5,5,4,4,4,4,9,9,9,9,9,9,4,4,8,9,8,9
18.627254113723897,73.72209468633531,4,7,7,7,2,5,7,2,4,7,5,5,5,4,7,5,,5,5,4,7,5,7,7,4,4,4,5,5,4,4,4,4,9,9,9,9,9,9,4,7,8,9,8,9
18.6272547575191,73.72218946551031,4,7,7,7,5,5,7,2,4,7,5,5,5,4,7,5,,5,5,4,7,5,7,4,4,4,4,5,5,4,4,4,4,9,9,9,9,9,9,4,7,8,9,8,9
18.627255401266662,73.72228424468919,4,7,7,7,5,5,7,2,4,7,5,5,5,4,7,7,,5,5,4,7,5,7,4,4,5,4,5,5,4,4,4,4,9,9,9,9,9,9,4,4,8,9,8,9
18.627256044966398,73.72237902387194,4,7,7,7,5,5,7,2,4,7,5,5,5,4,2,5,,5,5,4,7,4,7,4,4,5,4,5,5,4,4,4,4,9,9,9,9,7,9,4,4,8,9,8,9
18.627256688618502,73.72247380305856,4,7,7,7,5,5,7,2,4,7,5,5,5,4,2,5,,5,5,4,7,5,5,7,4,4,4,5,5,4,4,4,7,9,9,9,9,8,9,4,7,8,9,8,9
18.6272573322228,73.72256858224905,4,7,7,7,4,5,7,2,4,7,5,5,5,4,7,7,,5,5,4,4,5,7,5,4,4,4,5,5,4,4,5,7,9,9,9,9,8,9,4,4,8,9,8,9
18.627257975779482,73.72266336144342,4,7,7,7,4,5,7,2,4,7,5,5,5,4,7,5,,5,5,4,7,5,7,5,4,4,4,5,5,4,4,5,4,9,9,9,9,8,9,4,4,8,9,8,9
18.62716375585888,73.72209536165522,4,7,7,7,4,4,7,2,4,7,5,5,5,4,2,5,,5,5,4,7,5,7,5,4,4,5,5,5,4,4,5,4,9,9,9,9,9,9,4,4,8,9,8,7
18.62716439965077,73.72219014078019,4,7,7,7,4,4,7,2,4,7,5,5,5,4,2,7,,5,5,4,7,5,7,5,4,4,4,5,5,4,4,5,4,9,9,9,9,9,9,4,4,8,9,9,7
18.6271650433949,73.722284919909,4,7,7,7,4,4,7,2,4,4,4,5,5,4,2,5,,5,5,4,7,5,7,5,4,7,4,5,5,4,4,5,4,9,9,9,9,9,9,4,4,8,9,9,7
18.6271656870913,73.7223796990417,4,7,7,4,4,4,7,2,4,4,4,5,5,4,7,5,,5,5,4,7,4,7,7,4,7,4,5,5,4,4,5,4,9,9,9,9,9,9,4,4,8,9,9,7
18.627166330740103,73.72247447817826,4,7,7,4,4,4,7,2,4,7,5,5,5,4,2,4,,5,5,4,7,4,7,7,4,7,4,5,5,4,4,5,4,9,9,9,9,9,9,4,7,8,9,9,7
18.627166974340998,73.72256925731871,4,7,7,4,4,4,7,5,4,7,5,5,5,4,2,5,,5,5,4,4,4,5,7,4,7,4,5,5,5,4,5,4,9,9,9,9,9,9,4,7,8,9,9,7
18.6271676178943,73.72266403646302,4,7,7,4,4,4,7,2,4,4,5,5,5,4,7,5,,5,5,4,4,5,5,4,4,4,4,5,5,5,4,5,4,9,9,9,9,9,9,4,7,8,9,9,7
18.61829647296088,73.7337246765207,7,7,7,7,4,4,7,2,4,4,5,5,4,7,7,5,,5,4,4,7,5,5,4,4,4,4,5,5,5,4,5,4,9,9,9,9,9,9,4,7,8,9,9,7
18.61829711060248,73.73381945116203,7,7,7,7,4,4,7,2,4,7,5,5,4,7,2,5,,5,5,5,7,5,7,4,5,4,5,5,5,5,4,5,4,9,9,9,9,9,9,4,7,8,9,9,7
18.618206114600397,73.73372534535022,4,7,7,7,4,4,7,2,5,7,5,5,4,7,2,5,,5,5,5,7,5,7,7,5,4,4,5,5,5,7,5,4,9,9,9,9,9,9,4,7,8,9,9,7
18.618206752238763,73.73382011994156,4,4,7,7,4,4,7,2,2,4,5,4,4,5,2,5,,5,5,5,7,5,7,5,5,4,4,5,5,5,7,5,4,9,9,9,9,9,9,4,7,8,9,9,7
18.61712201449153,73.68113162000776,7,4,7,7,4,4,7,2,2,4,5,4,4,5,7,5,,5,5,5,7,5,7,5,5,4,4,5,5,5,7,5,4,9,9,9,9,9,9,4,7,8,9,9,7
18.61712267857288,73.6812263920251,7,4,7,7,4,7,7,2,2,2,5,5,4,5,2,5,,5,5,5,7,5,7,5,5,4,4,5,5,5,7,5,4,9,9,9,9,9,9,4,7,8,9,9,7
18.61712334260654,73.68132116404641,7,7,7,7,4,7,5,7,2,2,5,5,4,5,2,5,,5,5,5,7,4,4,4,5,4,4,5,5,7,7,5,4,9,9,9,9,9,9,4,7,8,9,9,7
18.617124006592512,73.68141593607173,7,7,7,7,7,4,5,7,7,2,5,5,4,5,7,7,,5,4,5,7,4,7,4,4,4,4,5,5,5,7,5,4,9,9,9,9,9,9,4,7,8,9,9,7
18.6171246705307,73.68151070810104,7,7,7,7,7,4,5,7,7,2,5,5,4,5,7,7,,5,5,5,7,4,7,4,4,5,4,4,5,5,7,5,4,9,9,9,9,9,9,4,7,8,9,9,7
18.61712533442137,73.68160548013435,7,4,7,7,7,4,5,7,2,5,4,5,4,5,7,5,,5,5,5,7,5,7,4,4,5,5,5,5,5,7,5,4,9,9,9,9,9,9,4,7,8,9,9,7
18.617125998264264,73.68170025217164,7,4,7,7,7,4,5,5,2,5,4,5,4,5,7,5,,5,5,5,7,5,5,5,4,4,4,5,5,4,7,5,4,9,9,9,9,9,9,4,7,8,9,9,7
18.61703165800148,73.68113231656434,7,4,7,7,7,4,5,2,2,5,4,5,4,5,2,7,,5,5,5,7,5,5,4,4,5,4,5,5,4,7,7,4,9,9,9,9,9,9,4,7,8,9,9,7
18.6170323220793,73.68122708853164,7,4,7,7,7,7,5,2,2,2,5,5,4,5,5,7,,5,5,4,7,4,5,4,4,5,4,5,5,4,7,7,4,9,9,9,9,9,9,4,7,8,9,9,7
18.617032986109578,73.68132186050293,7,4,7,7,7,7,5,2,2,2,5,5,4,5,7,5,,5,5,5,7,4,7,4,4,4,4,5,5,4,4,7,4,9,9,9,9,9,9,4,7,8,9,9,7
18.617033650092,73.68141663247825,7,4,7,7,7,4,5,2,2,2,4,5,4,5,7,5,,5,4,5,7,4,7,7,4,5,4,4,5,7,4,7,4,9,9,9,9,9,9,4,7,8,9,9,7
18.61703431402692,73.68151140445751,7,4,7,7,7,4,7,2,2,2,4,5,4,5,5,7,,5,5,5,7,5,7,5,4,5,4,5,5,5,7,7,4,9,9,9,7,9,9,4,7,8,9,9,7
18.617034977914,73.68160617644081,7,4,7,7,7,4,7,2,2,5,4,5,4,5,7,7,,5,5,5,7,5,7,5,4,4,4,5,5,5,7,7,4,9,9,9,7,9,9,4,7,8,9,9,7
18.6170356417535,73.6817009484281,7,4,7,7,7,7,4,2,2,5,5,5,4,5,2,4,,5,5,5,7,5,7,5,4,5,4,5,5,5,7,7,4,9,9,9,7,9,9,4,7,8,9,9,7
18.616941301510533,73.68113301311692,7,4,7,7,7,7,4,7,2,5,5,5,7,5,2,4,,5,5,4,7,4,4,4,4,5,4,5,5,4,7,7,4,9,9,9,7,9,9,4,7,8,9,9,7
18.616941965584896,73.6812277850342,7,4,7,7,7,4,7,7,2,2,4,5,7,5,7,7,,5,5,5,7,4,7,4,4,5,4,5,5,4,7,7,4,9,9,9,7,9,9,4,7,8,9,9,7
18.6169426296117,73.6813225569555,7,4,7,7,7,4,7,7,2,2,4,5,7,5,7,7,,5,5,5,7,4,7,4,4,5,4,4,5,4,7,7,4,9,9,9,7,9,9,4,7,8,9,9,7
18.61694329359079,73.68141732888077,7,4,7,5,7,4,7,7,2,2,4,5,7,5,7,4,,5,5,5,7,5,7,4,4,7,4,5,5,4,4,7,4,9,9,9,7,9,9,4,7,8,9,9,7
18.61694395752216,73.68151210081005,7,4,7,5,7,7,7,5,2,2,5,5,7,5,7,4,,5,5,5,7,5,5,5,4,7,4,5,5,7,4,7,4,9,9,9,7,9,9,4,7,8,9,9,7
18.616944621405803,73.68160687274332,7,4,7,5,7,7,7,5,2,5,5,5,7,5,2,7,,5,5,5,7,5,5,5,4,7,4,5,5,5,7,7,4,9,9,9,7,9,9,7,7,8,9,9,9
18.6169452852418,73.6817016446806,7,4,7,5,7,4,7,5,2,5,4,5,7,5,5,7,,5,5,5,7,4,5,5,4,7,4,5,5,5,7,7,4,9,9,9,7,9,9,7,4,8,9,8,9
18.6136267760652,73.72466067916562,5,4,7,5,7,4,7,2,2,5,4,5,5,5,7,4,,5,5,5,7,4,7,5,4,7,4,5,5,5,7,7,4,9,8,9,7,9,9,5,7,8,9,8,9
18.613627418115424,73.72475545088635,5,4,7,5,7,4,7,2,7,2,4,5,5,5,7,4,,5,5,5,7,4,7,4,4,7,4,5,5,4,7,7,4,9,8,9,7,9,9,5,7,8,9,8,9
18.613628060117946,73.72485022261094,5,7,7,5,7,7,7,2,2,2,5,5,5,5,5,5,,5,5,5,7,4,4,4,4,7,4,4,5,4,7,4,4,9,8,9,7,9,9,5,2,8,9,8,9
18.613536417978803,73.72466135260052,5,7,7,5,7,7,7,2,2,2,5,5,5,5,7,5,,5,5,5,7,4,4,4,4,7,4,4,4,4,7,4,4,9,9,9,7,9,9,5,2,8,9,8,9
18.61353706002573,73.72475612427122,5,7,7,5,7,7,7,2,2,2,5,5,5,5,2,5,,5,5,5,7,4,5,4,4,7,4,4,4,4,7,4,4,9,9,9,7,9,9,5,7,8,9,8,9
18.6135377020249,73.72485089594579,5,7,7,7,7,7,7,7,2,5,5,5,5,5,2,5,,5,5,5,7,4,4,5,4,7,4,4,4,5,7,4,4,9,9,9,7,9,9,5,4,8,9,8,9
18.61344605989161,73.72466202603155,5,7,7,7,7,7,4,7,2,5,5,5,5,5,7,5,,5,5,5,4,4,7,5,4,7,4,4,4,4,4,4,4,9,8,9,8,9,9,5,7,8,9,8,9
18.61344670193515,73.72475679765225,7,7,7,7,7,7,4,7,2,5,5,5,5,5,7,5,,5,5,5,7,4,7,5,4,7,4,4,4,4,4,4,4,9,8,9,8,9,9,5,7,8,9,8,9
18.61344734393101,73.72485156927681,7,7,7,7,7,7,4,7,2,2,5,5,5,5,7,5,,5,5,5,7,4,7,5,4,4,4,4,4,4,7,7,4,9,8,9,8,9,9,5,2,8,9,8,9
18.57378837738769,73.72637853497768,7,7,7,7,7,7,7,5,7,2,5,5,5,5,7,5,,5,5,5,7,4,5,4,4,4,4,4,4,4,4,4,4,9,9,9,8,9,9,5,2,8,9,8,9
18.57378901725205,73.72647328472947,7,4,7,7,7,7,7,5,7,2,5,5,5,5,2,5,,5,5,5,7,4,5,4,4,4,4,4,4,5,4,4,4,9,9,9,8,9,9,8,7,8,9,8,9
18.573789657068826,73.72656803448508,7,7,7,7,7,7,4,5,7,2,5,5,5,5,5,5,,5,5,7,7,4,5,4,4,4,4,4,4,5,4,7,4,9,9,9,8,9,9,8,4,8,9,8,9
18.573790296838038,73.72666278424455,7,7,7,7,7,7,4,2,7,5,5,5,5,5,7,5,,5,5,5,7,4,7,4,4,4,4,4,4,5,4,7,4,9,8,9,8,9,9,8,4,8,9,8,9
18.573698018859197,73.72637920596105,7,7,7,7,7,7,4,2,7,5,5,5,5,5,7,5,,5,5,5,7,4,7,5,4,4,4,4,4,4,7,7,4,9,8,9,8,9,9,8,4,8,9,8,9
18.5736986587203,73.72647395566294,7,7,7,7,7,7,7,2,2,2,5,5,5,5,5,5,,5,5,5,7,4,4,5,4,4,4,4,4,4,7,7,4,9,8,9,8,9,9,8,7,8,9,8,9
18.57369929853375,73.72656870536865,7,7,7,7,7,7,7,2,2,2,5,5,5,5,7,5,,5,5,5,7,4,4,4,4,4,5,4,4,4,7,4,4,9,9,9,8,7,9,8,7,8,9,8,9
18.5736999382996,73.72666345507827,7,7,7,7,5,7,4,2,2,2,5,5,5,5,2,5,,5,5,5,7,4,5,4,4,4,5,4,4,4,7,4,4,9,9,9,8,7,9,8,7,8,9,8,9
18.5736076603299,73.72637987694054,7,7,7,7,5,7,4,5,2,2,5,5,5,5,2,5,,5,5,7,7,4,5,4,4,4,5,4,4,5,7,7,4,9,9,9,8,7,9,8,4,8,9,8,9
18.5736083001876,73.72647462659253,7,7,7,7,5,7,4,5,2,2,5,5,5,5,7,5,,5,5,7,4,4,7,4,4,4,5,4,4,4,4,7,4,9,8,9,8,7,9,7,4,8,9,8,9
18.57360893999778,73.72656937624838,7,7,7,7,7,7,7,5,2,5,5,5,5,5,7,5,,5,4,7,7,4,7,4,4,4,5,4,4,4,4,7,4,9,9,9,8,7,9,7,4,8,9,8,9
18.57360957976032,73.7266641259081,7,7,7,7,7,7,7,5,2,5,5,5,5,5,7,5,,5,5,7,7,4,7,4,4,4,5,4,4,4,7,4,4,9,9,9,8,7,9,7,4,8,9,8,9
18.5735173017997,73.72638054791615,7,7,7,4,7,7,4,5,7,2,5,5,5,5,7,5,,5,7,7,7,4,7,5,4,4,5,4,4,4,4,4,4,9,9,9,8,7,9,4,4,8,9,8,9
18.573517941654142,73.7264752975183,7,7,7,7,5,7,4,5,7,2,5,5,5,5,2,5,,5,7,7,7,4,4,4,4,4,5,4,4,5,4,4,4,9,9,9,8,7,9,7,4,8,9,8,9
18.5735185814609,73.72657004712423,7,2,7,7,5,7,4,5,7,2,5,5,5,5,2,5,,5,7,7,7,4,4,4,4,4,5,4,4,5,4,4,4,9,9,9,8,7,9,7,4,8,9,8,9
18.573519221220128,73.72666479673407,7,2,7,7,5,7,7,2,7,2,5,5,5,5,2,5,,5,5,5,7,4,5,4,4,4,5,7,5,5,4,4,4,9,9,9,8,7,9,7,4,8,9,8,9
18.567122198690928,73.71610020370758,4,7,7,7,7,7,7,5,5,2,5,5,5,5,2,5,,5,7,5,7,4,5,4,4,4,5,7,5,4,7,4,4,9,9,9,8,7,9,4,4,8,9,8,9
18.56712284349556,73.71619494939664,4,7,7,4,7,7,7,5,2,2,5,5,5,5,7,5,,5,7,5,7,4,7,4,4,4,5,7,5,4,7,4,4,9,9,9,8,7,9,7,4,8,9,8,9
18.5671234882526,73.7162896950896,4,2,7,7,7,7,7,5,2,2,5,5,5,5,7,5,,5,7,5,7,4,7,4,4,4,5,7,5,4,7,4,4,9,9,9,8,7,9,7,4,8,9,8,9
18.56712413296215,73.71638444078641,7,2,7,7,5,7,7,5,2,2,5,7,5,5,7,5,,5,5,5,7,4,7,4,4,4,5,4,5,4,7,4,4,9,9,9,8,7,9,7,4,8,9,8,9
18.5671247776241,73.71647918648712,7,7,7,7,4,7,7,5,2,2,5,5,5,5,7,5,,5,7,5,7,4,7,4,4,4,5,4,5,5,7,4,4,9,9,9,8,7,9,7,9,8,9,8,9
18.56703184046256,73.7161008798445,4,7,7,7,4,7,7,5,2,2,5,5,5,5,2,5,,5,7,5,4,4,4,4,4,4,5,5,5,4,4,4,4,9,9,9,8,7,9,7,9,8,9,8,9
18.56703248526383,73.71619562548368,4,2,7,4,4,7,7,5,2,2,5,5,5,5,2,5,,5,7,5,7,4,4,4,4,4,5,5,5,4,4,4,4,9,9,9,8,7,9,7,9,8,9,8,9
18.56703313001754,73.71629037112676,4,2,7,7,4,4,7,2,2,2,5,5,5,5,2,5,,5,5,5,7,4,5,4,4,4,5,4,5,4,7,4,4,9,9,9,8,7,9,7,9,8,9,8,9
18.5670337747237,73.71638511677375,7,7,7,7,4,4,7,2,7,2,5,5,5,5,2,5,,5,7,5,7,4,5,4,4,4,5,5,5,4,4,4,4,9,9,9,8,7,9,7,9,8,9,8,9
18.5670344193823,73.71647986242459,7,7,7,7,5,4,7,2,7,2,5,5,5,5,7,5,,5,7,7,7,4,7,4,4,4,5,5,5,5,4,4,4,9,9,9,8,7,9,8,9,8,9,8,9
18.56694148223329,73.71610155597754,4,7,7,7,4,4,7,2,7,2,4,7,5,5,7,5,,5,7,5,7,4,7,4,4,4,5,4,5,5,4,4,4,9,9,9,8,7,9,8,9,8,9,8,9
18.5669421270312,73.71619630156688,4,7,7,4,4,4,7,7,7,2,4,5,5,5,7,5,,5,7,7,7,4,4,4,4,4,5,5,5,5,4,4,4,9,8,9,8,7,9,8,9,8,9,8,9
18.56694277178156,73.71629104716011,4,7,7,7,4,4,7,7,5,2,4,5,5,5,7,5,,4,7,7,7,4,4,5,4,4,5,5,5,4,7,4,4,9,8,9,8,7,9,8,9,8,9,8,9
18.5669434164843,73.71638579275721,7,7,4,7,4,4,7,5,2,2,5,5,5,5,2,5,,5,7,7,7,4,4,5,4,4,5,4,5,4,7,4,4,9,8,9,8,7,9,8,9,8,9,8,9
18.566944061139,73.7164805383582,7,7,4,7,4,4,7,5,2,2,5,5,5,5,7,5,,5,7,7,7,4,4,5,4,4,5,5,5,4,7,4,4,9,8,9,8,7,9,8,9,8,9,8,9
18.5668511240031,73.7161022321067,4,7,4,7,4,4,7,5,2,2,5,2,5,5,7,5,,5,7,7,7,4,7,5,4,4,5,5,5,4,7,4,4,9,8,9,8,7,9,4,9,8,9,8,9
18.56685176879769,73.71619697764619,4,7,4,7,4,4,7,2,2,2,5,2,5,5,7,5,,5,7,7,7,4,4,5,4,4,5,5,5,5,7,4,4,9,8,9,8,7,9,4,9,8,9,8,9
18.566852413544602,73.71629172318954,4,7,4,7,4,4,7,2,2,2,5,7,5,5,7,5,,5,7,7,7,4,4,5,4,4,5,5,5,5,4,4,4,9,8,9,8,7,9,4,9,8,9,8,9
18.56685305824412,73.7163864687368,7,7,4,7,4,4,7,7,2,2,5,5,5,5,7,5,,5,7,5,7,4,4,5,4,4,5,4,5,5,4,4,4,9,8,9,8,7,9,4,9,8,9,8,9
18.566853702895997,73.71648121428791,7,7,4,7,4,4,7,7,2,2,5,5,5,5,7,5,,5,7,7,7,4,4,5,4,4,5,4,5,5,7,7,4,9,8,9,8,7,9,4,9,8,9,8,9
18.5619846614847,73.71803359499536,7,7,4,7,4,4,7,4,2,2,5,5,5,5,7,5,,5,7,7,7,4,4,5,4,4,5,4,5,4,7,7,4,9,8,9,8,7,9,4,9,8,9,8,9
18.56198530514698,73.7181283379204,7,7,4,7,4,4,7,2,2,2,5,5,5,5,2,5,,5,7,7,7,4,4,5,4,4,5,4,5,4,7,4,4,9,8,9,8,7,9,4,9,8,9,8,9
18.56198594876168,73.7182230808493,7,7,4,7,4,4,7,2,2,2,5,2,5,5,7,5,,5,7,7,4,4,4,5,4,4,5,4,5,4,7,7,4,9,8,9,8,7,9,4,9,8,9,8,9
18.5619865923288,73.71831782378206,7,7,4,7,5,4,7,7,2,2,5,2,5,5,7,5,,5,7,7,4,4,4,5,4,4,5,4,5,4,7,7,7,9,8,9,8,7,9,4,9,8,9,8,9
18.56198723584845,73.71841256671875,7,7,4,7,5,4,7,7,2,2,5,7,5,5,7,5,,5,7,7,7,4,4,5,5,4,5,4,5,5,7,4,5,9,8,9,8,7,9,4,9,8,9,8,9
18.56198787932052,73.7185073096593,7,7,4,7,7,4,7,4,2,2,4,2,5,5,7,7,,5,4,7,7,4,4,5,5,4,5,4,7,5,4,7,7,9,8,9,8,7,9,4,9,8,9,8,9
18.561988522745,73.7186020526037,7,7,4,7,7,4,7,2,2,2,4,2,5,5,2,5,,5,4,5,7,4,4,5,5,4,5,4,7,5,4,7,7,9,8,9,8,7,9,4,9,8,9,8,9
18.56189430313859,73.71803426991386,7,7,4,7,7,4,7,2,2,2,4,2,5,5,7,5,,5,4,5,7,4,4,5,5,4,5,4,7,5,7,7,5,9,8,9,8,7,9,4,9,8,9,8,9
18.5618949467974,73.71812901278903,7,7,4,7,7,4,7,7,2,2,5,2,5,5,7,5,,5,4,5,7,4,4,5,4,4,5,4,7,4,7,7,5,9,8,9,8,7,9,4,9,8,9,8,9
18.56189559040881,73.71822375566809,7,7,4,7,7,4,4,7,2,2,5,2,5,4,7,5,,5,7,7,7,4,4,5,4,4,5,4,5,4,7,7,7,9,8,9,7,7,9,4,9,8,9,8,9
18.561896233972607,73.71831849855104,7,7,4,7,7,4,4,4,2,2,5,2,5,4,7,5,,4,7,7,4,4,4,5,5,4,5,4,7,4,7,7,7,9,8,9,7,7,9,4,9,8,9,8,9
18.56189687748887,73.71841324143786,7,7,4,7,7,2,4,5,2,2,7,7,5,4,2,5,,7,4,7,4,7,5,5,5,4,5,4,7,4,7,7,5,9,8,9,7,7,9,4,9,8,9,8,9
18.561897520957576,73.71850798432855,7,7,4,7,5,2,7,5,2,2,7,2,5,5,7,7,,7,4,7,7,7,5,5,5,4,5,4,7,5,7,7,5,9,8,9,8,7,9,4,9,8,9,8,9
18.5618981643787,73.71860272722313,7,7,4,7,2,7,7,5,2,2,7,2,5,5,7,5,,7,4,7,7,7,5,5,5,4,5,4,7,5,4,7,7,9,8,9,8,7,9,4,9,8,9,8,9
18.5618039447915,73.71803494482847,7,7,4,7,2,7,4,5,2,2,7,2,5,5,7,5,,7,4,4,4,7,5,5,5,4,5,4,5,4,4,7,7,9,8,9,8,7,9,4,9,8,9,8,9
18.56180458844707,73.71812968765381,7,7,4,7,5,7,4,5,2,2,2,2,5,5,7,5,,7,4,5,4,4,5,5,5,4,5,4,7,4,7,7,7,9,8,9,7,7,9,4,9,8,9,8,9
18.561805232054997,73.71822443048302,7,7,4,7,5,2,4,5,2,2,7,2,5,5,2,5,,7,4,5,4,4,5,5,5,4,5,4,7,4,7,7,5,9,8,9,7,7,9,4,9,8,9,8,9
18.561805875615498,73.71831917331613,7,7,4,7,2,2,4,5,2,2,7,2,5,5,5,7,,7,4,5,4,5,5,5,5,4,5,4,7,4,7,7,7,9,8,9,7,7,9,4,8,8,9,8,9
18.5618065191284,73.7184139161531,7,7,4,7,2,7,5,5,2,2,7,7,5,5,5,7,,7,4,5,4,5,5,5,5,4,5,4,7,4,7,7,7,9,8,9,8,7,9,4,8,8,9,8,9
18.561807162593762,73.71850865899395,7,5,4,7,2,7,5,5,2,2,7,2,5,5,5,7,,7,4,5,4,5,5,5,5,4,5,4,5,4,4,4,7,9,8,9,8,7,9,4,9,8,9,8,9
18.56180780601158,73.71860340183868,7,5,4,7,5,7,4,5,2,2,2,2,5,5,5,5,,7,4,5,7,5,5,5,5,4,5,4,7,5,4,4,7,9,8,9,8,7,9,4,9,8,9,8,9
18.561713586443602,73.7180356197392,7,5,4,7,2,2,4,5,2,2,7,2,5,5,5,5,,7,4,7,4,5,5,5,5,4,5,4,7,4,4,4,7,9,8,9,7,7,9,4,8,8,9,8,9
18.56171423009578,73.7181303625147,4,5,4,7,2,2,4,5,2,2,7,2,5,5,5,5,,7,4,7,4,5,5,5,5,4,5,4,7,4,4,4,7,9,9,9,7,7,9,4,8,8,9,8,9
18.5617148737004,73.71822510529407,4,7,7,7,5,7,4,5,2,2,7,2,5,5,5,5,,7,4,7,4,5,5,5,5,4,4,4,7,4,7,7,7,9,9,9,7,9,9,4,9,8,9,8,9
18.5617155172575,73.71831984807731,4,7,2,4,5,7,5,5,2,2,7,2,5,5,5,7,,7,4,7,4,5,5,5,4,4,4,4,5,4,4,7,7,9,9,9,8,9,9,4,9,8,9,8,9
18.561716160767048,73.71841459086444,4,7,2,7,2,7,5,5,2,2,2,7,5,5,5,7,,7,4,7,4,5,5,5,4,4,4,4,5,4,4,7,7,9,9,9,8,9,9,4,8,8,9,8,9
18.561716804229,73.71850933365545,4,7,7,7,2,2,4,5,5,2,7,2,5,5,5,7,,7,4,4,4,5,5,5,5,4,4,4,5,4,4,7,7,9,9,9,8,9,9,4,8,8,9,8,9
18.561717447643517,73.71860407645033,4,7,7,7,2,2,4,5,5,2,7,2,5,5,5,5,,7,4,5,4,5,5,5,5,4,4,4,5,4,4,4,7,9,9,9,8,9,9,4,8,8,9,8,9
18.5591651175769,73.70213733596788,4,7,7,7,5,7,4,5,5,2,7,2,5,5,5,5,,7,4,5,4,5,5,5,4,4,4,4,5,4,4,4,7,9,9,9,8,9,9,4,8,8,9,8,9
18.55916576912415,73.70223207674181,4,7,7,4,2,7,4,5,2,2,7,2,5,5,5,5,,7,4,5,4,5,5,5,4,4,4,4,5,4,4,4,7,9,9,9,8,9,9,4,8,8,9,8,9
18.5591664206238,73.70232681751966,4,7,2,4,2,7,5,5,2,2,2,2,5,7,5,5,,7,4,5,4,4,5,5,5,5,4,4,5,4,4,4,7,9,9,9,8,9,9,4,8,8,9,8,9
18.559167072076,73.70242155830141,7,7,2,4,2,2,5,5,5,2,7,2,5,7,5,7,,7,4,5,4,4,5,5,5,5,4,4,5,4,4,7,7,9,9,9,8,9,9,4,8,8,9,8,9
18.55916772348069,73.70251629908711,7,7,2,4,2,2,5,5,5,2,7,7,5,7,5,7,,7,4,5,4,4,5,5,5,5,4,4,5,4,4,7,7,9,9,9,8,9,9,4,8,8,9,8,9
18.559168374837803,73.70261103987674,7,7,2,4,2,7,7,5,5,2,7,2,4,7,5,7,,7,7,5,4,4,5,5,5,7,4,4,5,4,4,7,7,9,9,9,9,9,9,4,8,8,9,8,9
18.559074759771352,73.70213801914255,4,7,2,4,2,7,7,5,2,2,7,2,5,7,5,5,,7,7,5,4,4,5,5,5,5,4,4,5,4,4,7,7,9,9,9,9,9,9,4,8,8,9,8,9
18.559075411315,73.70223275986663,4,7,2,4,2,7,7,5,2,2,2,2,5,7,5,5,,7,7,5,4,4,5,5,5,7,4,4,5,4,4,7,7,9,9,9,9,9,9,4,7,8,9,8,9
18.55907606281151,73.70232750059462,4,7,2,4,4,2,7,5,5,2,7,2,5,7,5,5,,7,7,5,5,4,5,5,5,4,4,4,5,5,4,7,7,9,9,9,9,9,9,4,7,8,9,8,9
18.55907671426,73.70242224132656,4,7,2,4,7,2,7,5,5,2,7,2,5,7,5,5,,7,7,5,5,4,5,5,5,4,4,4,5,5,4,4,7,9,9,9,9,9,9,4,7,8,9,8,9
18.55907736566154,73.70251698206243,4,7,2,4,7,7,7,5,5,2,7,2,5,7,5,7,,7,7,4,5,4,5,5,5,4,4,4,5,5,5,4,7,9,9,9,9,9,9,4,7,8,9,8,9
18.559078017015263,73.7026117228022,4,7,2,4,7,7,7,5,5,2,7,7,5,7,5,7,,7,7,5,5,4,5,5,4,4,4,4,5,5,7,7,7,9,9,9,9,9,9,4,7,8,9,8,9
18.5589844019649,73.70213870231328,4,7,2,4,5,7,7,5,5,7,2,7,5,7,5,7,,7,7,5,5,4,5,5,4,4,4,5,5,5,7,4,7,9,9,9,9,9,9,4,7,8,9,8,9
18.558985053505353,73.70223344298752,4,7,2,4,2,4,7,5,5,7,2,2,5,7,5,5,,7,7,5,5,4,5,5,4,4,4,5,5,5,7,4,7,9,9,9,9,9,9,4,7,8,9,8,9
18.558985704998268,73.7023281836657,4,7,2,4,2,4,7,5,5,7,7,2,5,7,5,5,,7,7,5,5,4,5,5,4,4,4,5,5,5,7,4,7,9,9,9,9,9,9,4,7,8,9,8,9
18.5589863564436,73.7024229243478,4,7,2,4,2,4,7,5,5,7,7,7,5,7,5,5,,7,7,5,5,4,5,5,4,4,4,7,5,5,7,4,7,9,9,9,9,9,9,4,7,8,9,8,9
18.558987007841512,73.70251766503381,4,7,2,4,2,4,7,5,5,7,2,7,5,7,5,5,,7,7,5,5,4,5,5,4,4,5,5,5,5,7,7,7,9,9,9,9,7,9,4,7,8,9,8,9
18.55898765919183,73.70261240572377,4,7,2,4,2,4,7,5,5,7,7,7,5,7,5,7,,7,4,5,5,4,5,4,4,4,5,5,5,5,7,7,7,9,9,9,8,7,9,4,7,8,9,8,9
18.55889404415757,73.7021393854801,4,7,2,4,2,4,7,5,5,4,7,7,5,7,5,7,,7,4,5,5,4,5,4,4,4,5,7,5,5,7,7,7,9,9,9,8,7,9,7,7,8,9,8,9
18.558894695694622,73.7022341261045,4,7,2,4,2,4,7,5,5,4,2,2,5,7,5,7,,7,4,5,5,4,5,4,4,4,5,7,5,5,7,7,7,9,9,9,8,7,9,7,7,8,9,8,9
18.55889534718414,73.70232886673284,4,7,2,2,4,4,7,5,5,7,7,7,5,7,5,5,,7,4,5,5,4,5,4,4,4,5,5,5,5,7,7,7,9,9,9,8,7,9,4,7,8,9,8,9
18.55889599862613,73.70242360736509,4,7,2,2,7,4,7,5,5,4,7,2,5,7,5,5,,7,4,5,5,4,5,4,4,4,5,5,5,5,7,4,7,9,9,9,8,7,9,4,7,8,9,8,9
18.55889665002059,73.7025183480013,4,7,2,7,7,4,7,5,5,4,2,2,5,7,5,5,,7,4,5,5,4,5,4,4,4,5,7,5,5,7,4,7,9,9,9,8,8,9,4,7,8,9,8,9
18.5588973013675,73.7026130886414,4,7,2,7,7,4,7,5,5,7,7,2,5,7,5,5,,7,4,5,5,4,5,4,4,4,5,7,5,5,7,7,7,9,9,9,8,8,9,4,9,8,9,8,9
18.74311351107234,73.76476131591966,7,7,2,7,4,4,7,5,5,4,7,2,7,7,5,7,,7,4,5,5,4,5,4,4,4,5,5,5,5,7,4,7,9,9,9,8,8,9,4,9,8,9,8,9
18.743114137099408,73.76485616110145,7,7,2,2,7,4,7,5,7,4,4,2,7,7,5,7,,5,4,5,5,4,5,4,4,4,5,5,4,5,7,4,7,9,9,9,8,9,9,4,9,8,9,8,9
18.74311476307843,73.764951006287,7,7,2,2,7,4,7,5,5,7,4,2,7,7,5,7,,5,4,5,5,4,5,4,4,4,5,7,4,5,7,4,7,9,9,9,8,9,9,4,9,8,9,8,9
18.74311538900941,73.76504585147634,7,7,7,7,7,4,7,5,5,4,4,2,7,7,5,5,,5,4,4,5,4,5,4,4,4,5,7,5,5,7,4,7,9,9,9,8,9,9,2,9,8,9,8,9
18.74311601489235,73.7651406966694,4,7,7,7,7,4,7,5,5,4,4,7,5,7,5,5,,7,4,4,5,4,5,4,4,4,5,5,5,5,7,7,8,9,9,9,8,9,9,7,9,8,9,8,9
18.7430231528374,73.76476197305686,7,7,7,7,7,4,7,5,5,4,4,2,5,7,5,2,,5,4,5,5,4,5,4,4,4,5,5,5,5,7,7,8,9,9,9,8,9,9,7,9,8,9,8,9
18.743023778861264,73.76485681818825,7,7,7,2,7,4,7,5,5,4,4,2,7,7,5,2,,5,4,5,5,4,5,4,4,4,5,7,5,5,7,7,8,9,8,9,8,9,9,7,9,8,9,8,9
18.74302440483705,73.76495166332339,7,7,2,2,2,4,7,5,5,2,4,2,7,7,5,7,,7,4,5,5,4,5,4,4,4,5,7,5,5,7,7,8,9,8,9,8,9,9,4,9,8,9,8,9
18.743025030764,73.76504650846229,7,7,2,7,4,4,7,4,7,2,4,2,5,5,5,7,,7,4,5,5,4,5,4,4,4,5,5,5,5,7,7,8,9,8,9,8,9,9,4,9,8,9,8,9
18.743025656644,73.7651413536049,4,7,2,7,7,4,7,4,5,2,4,2,5,5,5,7,,5,4,5,5,5,5,4,4,4,5,5,5,5,7,7,8,9,8,9,8,9,9,4,9,8,9,8,9
18.74293279460164,73.76476263019032,4,7,2,4,7,4,7,4,5,2,4,2,7,5,5,7,,5,4,5,5,5,5,4,4,4,5,7,5,5,7,7,4,9,8,9,8,9,9,4,9,8,9,8,9
18.74293342062223,73.76485747527126,4,7,2,2,7,7,7,4,5,2,4,2,7,5,5,7,,7,4,4,5,4,5,4,5,4,5,7,4,5,7,7,4,9,8,9,8,9,9,4,9,8,9,8,9
18.742934046594783,73.764952320356,4,7,2,2,4,7,7,7,5,2,4,5,5,5,5,7,,7,4,4,5,5,4,4,5,4,5,5,5,5,7,4,4,9,9,9,8,9,9,4,9,8,9,8,9
18.742934672519286,73.76504716544446,4,7,2,7,7,4,7,7,5,2,5,2,4,5,5,7,,5,4,5,5,5,4,4,4,4,5,5,5,5,7,4,4,9,9,9,8,9,9,4,9,8,9,8,9
18.74293529839575,73.76514201053669,4,7,2,7,7,4,7,7,5,2,5,2,4,5,5,5,,5,4,4,5,4,4,5,4,4,5,7,5,5,7,4,4,9,9,9,8,9,9,4,9,8,9,8,9
18.742842436364942,73.76476328732005,4,7,7,4,7,7,7,7,5,2,4,2,5,5,5,5,,7,4,4,5,5,4,5,4,4,5,7,5,5,5,4,4,9,9,9,8,9,9,4,9,8,9,8,9
18.742843062382,73.76485813235055,4,7,7,2,7,7,7,7,5,2,4,2,4,5,5,5,,7,4,4,5,5,4,5,4,4,5,5,5,5,5,7,4,9,9,9,8,9,9,4,9,8,9,8,9
18.74284368835161,73.76495297738484,4,7,7,2,7,4,7,7,5,2,5,2,4,5,5,5,,5,4,5,5,4,4,5,5,4,5,5,4,5,5,7,4,9,9,9,8,8,9,4,9,8,9,8,9
18.74284431427288,73.76504782242289,4,7,7,4,7,4,4,7,5,2,5,2,4,5,4,5,,5,4,5,5,5,4,5,5,4,7,5,5,5,5,7,5,9,9,9,8,8,9,4,9,8,9,8,9
18.74284494014611,73.76514266746467,4,7,7,4,2,7,4,7,5,2,7,2,4,5,4,5,,7,4,5,5,5,4,5,4,4,7,5,5,5,5,7,4,9,9,9,8,8,9,4,9,8,9,8,9
18.74275207812735,73.76476394444599,4,7,7,7,4,7,7,7,5,2,7,5,4,4,4,5,,7,4,5,5,5,4,5,4,4,7,5,5,5,5,7,4,9,9,9,8,7,9,4,9,8,9,8,9
18.74275270414147,73.7648587894261,4,7,7,2,4,4,4,7,5,2,5,7,4,5,4,5,,5,4,5,5,5,4,5,4,4,7,5,5,5,5,7,4,9,9,9,8,7,9,4,9,8,9,8,9
18.74275333010755,73.76495363440995,4,7,7,2,4,4,4,7,5,2,5,7,4,5,4,5,,5,4,4,5,5,4,5,4,4,5,4,5,5,5,7,4,9,9,9,8,8,9,4,9,8,9,8,9
18.742753956025577,73.76504847939758,4,7,7,4,4,7,4,7,5,2,7,5,4,4,4,5,,7,4,4,5,5,4,5,5,4,7,4,5,5,5,7,4,9,9,9,8,8,9,4,9,8,9,8,9
18.74275458189558,73.76514332438893,4,7,7,4,4,7,4,7,5,2,7,5,4,5,7,5,,7,4,4,5,5,4,5,5,4,7,4,7,5,5,7,4,9,9,9,9,8,9,4,9,8,9,8,9
18.742661719888872,73.76476460156817,4,7,7,7,4,4,4,7,5,2,5,2,4,5,4,4,,5,4,4,5,5,4,5,5,4,7,5,7,5,5,7,4,9,9,9,9,7,9,4,9,8,9,8,9
18.742662345899753,73.76485944649784,4,7,7,4,4,4,4,7,5,2,5,2,4,4,4,4,,5,4,4,5,5,5,5,5,4,7,5,7,5,5,7,5,9,9,9,9,7,9,4,9,8,9,8,9
18.74266297186259,73.76495429143131,4,7,7,4,4,7,4,7,5,2,7,2,4,4,4,4,,7,4,4,5,5,5,5,5,4,5,5,7,5,5,7,4,9,9,9,9,7,9,4,9,8,9,8,9
18.74266359777739,73.76504913636849,4,7,7,4,4,7,4,7,5,2,7,2,4,5,4,4,,7,4,4,5,5,4,5,5,4,7,5,4,5,5,7,4,9,9,9,9,7,9,4,9,8,9,8,9
18.742664223644148,73.76514398130944,4,7,7,4,4,4,4,7,5,2,4,2,4,5,4,7,,5,4,4,5,5,4,5,4,4,7,4,4,5,5,4,4,9,9,9,9,7,9,4,9,8,9,8,9
18.73015972969672,73.7463612491604,4,7,7,4,4,4,4,7,5,2,4,2,4,5,4,7,,5,4,4,5,7,4,5,4,4,7,4,5,5,5,4,4,9,9,9,9,7,9,4,9,8,9,8,9
18.730160364625,73.74645608644758,4,7,7,4,4,5,4,7,5,2,5,2,4,5,7,7,,5,4,4,5,7,4,5,4,4,7,4,5,5,5,7,4,9,9,9,9,7,9,4,9,8,9,8,7
18.730160999506268,73.74655092373857,4,7,7,4,4,5,4,7,5,2,5,5,4,5,7,7,,5,4,4,5,5,4,5,4,4,5,5,4,5,5,7,4,9,9,9,9,7,9,4,9,8,9,8,7
18.7300693719707,73.74636191558959,4,7,7,4,4,5,7,5,5,2,5,7,4,5,7,7,,5,4,4,5,5,5,5,4,4,7,5,5,5,5,7,4,9,9,9,9,7,9,4,9,8,9,8,7
18.73007000689622,73.74645675282639,4,7,7,4,4,5,7,5,5,2,5,7,4,5,7,7,,5,4,4,5,7,5,5,4,4,7,5,5,5,5,7,5,9,9,9,9,7,9,4,9,8,9,8,7
18.73007064177371,73.746551590067,4,7,7,4,4,5,4,5,5,2,5,5,4,5,7,7,,5,4,4,5,7,5,5,4,4,7,5,4,5,5,7,5,9,9,9,9,7,9,4,9,8,9,8,7
18.72997901424384,73.74636258201498,4,7,7,4,4,5,4,5,4,2,5,5,4,5,7,7,,5,4,4,5,5,5,5,5,4,7,4,5,5,5,7,5,9,9,9,9,7,9,4,9,8,9,8,7
18.729979649166,73.74645741920138,4,7,7,4,4,5,7,5,4,2,5,5,4,5,7,5,,5,4,5,4,5,5,5,4,4,5,4,5,4,5,4,4,9,9,9,9,4,9,4,9,8,9,8,7
18.7299802840402,73.74655225639161,4,7,7,7,4,5,7,5,4,2,5,5,4,7,7,7,,5,4,5,4,7,5,5,4,4,5,4,4,4,5,4,4,9,9,9,9,4,9,4,9,8,9,8,7
18.72988865651606,73.74636324843655,4,7,7,4,4,5,4,5,4,7,5,5,4,7,5,7,,5,4,5,4,7,5,7,4,4,5,5,5,4,7,7,4,9,9,9,9,4,9,4,9,8,9,8,7
18.729889291434898,73.74645808557257,4,7,7,4,4,5,4,5,7,7,5,5,4,5,5,7,,5,4,5,4,5,5,7,4,4,5,5,5,4,7,7,4,9,9,9,9,7,9,4,9,8,9,8,7
18.72988992630591,73.74655292271244,4,7,7,7,4,5,7,5,7,7,5,5,4,5,5,7,,5,4,5,4,5,5,7,4,4,5,5,5,4,7,7,4,9,9,9,9,7,9,4,9,8,9,8,7
18.7224628563839,73.82760003596032,7,7,7,4,4,5,7,4,7,7,5,5,4,7,5,7,,5,4,5,4,7,5,7,4,4,5,5,5,4,4,7,4,9,9,9,9,7,9,4,9,8,9,8,7
18.7224634499373,73.82769487181726,7,7,7,4,4,5,4,4,7,2,5,7,5,7,5,7,,5,4,5,4,7,5,7,4,4,5,4,4,4,4,7,4,9,9,9,9,7,9,4,9,8,9,8,7
18.7224640434427,73.82778970767774,7,7,7,7,5,5,4,4,7,2,5,7,5,5,5,2,,5,4,5,4,5,7,7,5,4,5,4,4,4,4,7,4,9,9,9,8,7,9,4,9,8,9,8,7
18.7223724958562,73.82760065893432,7,7,7,7,5,5,7,4,7,2,5,7,5,5,5,5,,5,4,5,4,5,7,7,4,4,5,4,4,4,4,4,4,9,9,9,8,7,9,4,9,8,9,8,7
18.72237308940654,73.82769549474091,7,7,7,4,5,5,7,7,7,2,5,7,5,7,5,7,,5,4,5,4,5,5,7,4,4,5,5,4,4,4,4,5,9,9,9,8,7,9,4,9,8,9,8,7
18.72237368290887,73.82779033055101,7,7,7,4,5,5,4,7,7,2,5,5,5,7,5,7,,5,4,5,4,5,5,7,4,4,5,5,4,4,7,7,5,9,9,9,8,7,9,4,9,8,9,8,7
18.722281541732,73.8275064461521,7,7,7,7,4,5,4,4,7,2,5,5,5,4,5,7,,5,4,5,4,5,5,7,4,4,5,4,4,4,7,4,5,9,8,9,8,7,9,4,9,8,9,8,7
18.7222821353276,73.82760128190475,7,7,7,7,5,5,7,4,7,2,5,5,5,4,5,7,,5,4,5,4,5,5,5,4,4,5,4,4,4,4,4,4,9,8,9,8,7,9,4,9,8,9,8,7
18.7222827288748,73.82769611766095,7,7,7,7,5,5,7,7,7,2,5,5,5,5,5,7,,5,4,5,4,4,5,7,4,4,5,4,4,4,4,4,4,9,8,9,8,7,9,4,9,8,9,8,7
18.7222833223741,73.8277909534207,7,7,7,7,5,5,4,7,7,7,5,5,5,5,5,7,,5,4,5,4,4,5,7,4,4,5,4,4,4,4,4,4,9,8,9,8,7,9,4,9,8,9,8,7
18.7221911812,73.82750706916934,7,7,7,7,5,5,4,4,7,7,5,5,5,5,5,2,,5,4,5,4,5,5,7,5,4,5,4,4,4,4,5,4,9,8,9,9,7,9,4,9,8,9,8,7
18.7221917747981,73.82760190487161,7,5,7,7,4,5,5,4,7,7,5,5,5,5,5,5,,5,4,5,4,5,5,7,4,4,5,5,4,4,4,4,4,9,8,9,8,7,9,4,9,8,9,8,9
18.722192368342352,73.82769674057745,4,5,7,7,5,5,5,7,7,7,5,5,5,5,5,5,,5,4,5,4,5,5,5,4,4,5,5,4,4,7,4,4,9,8,9,8,7,9,4,9,8,9,8,9
18.72219296183853,73.82779157628686,4,5,7,7,5,5,5,7,7,5,5,7,5,5,5,5,,5,4,5,4,5,5,7,4,4,5,4,4,4,7,4,4,9,8,9,8,7,9,4,9,8,9,8,9
18.722100820678712,73.82750769218302,7,5,7,7,5,5,5,4,7,5,5,5,5,5,5,7,,5,4,5,4,5,7,7,4,4,5,4,4,4,7,4,4,9,9,9,9,7,9,4,9,8,9,8,9
18.7221014142678,73.82760252783494,7,5,7,7,5,5,5,4,7,5,5,5,5,5,5,7,,5,4,5,4,4,7,7,4,4,5,4,4,4,7,5,4,9,8,9,8,7,9,4,9,8,9,8,9
18.72210200780891,73.82769736349042,4,4,7,7,4,5,5,4,7,2,5,5,5,5,5,7,,5,4,5,5,4,7,7,4,4,5,4,4,5,4,4,5,9,8,9,8,7,9,4,9,8,9,8,9
18.72210260130203,73.82779219914944,4,5,7,7,4,5,5,4,7,2,5,5,5,5,5,7,,5,4,5,5,5,7,5,4,4,5,4,4,5,4,4,5,9,8,9,8,7,9,4,9,8,9,8,9
18.722010460150532,73.82750831519311,7,5,7,7,5,5,5,4,7,2,5,5,5,5,5,7,,5,5,5,5,5,7,5,5,4,5,5,4,5,4,4,5,9,8,9,8,7,9,4,9,8,9,8,9
18.72201105373655,73.82760315079467,7,5,7,7,5,5,5,4,5,2,5,5,5,5,5,5,,5,5,5,5,5,7,5,4,4,5,5,4,5,5,4,4,9,8,9,8,4,9,4,9,8,9,8,9
18.7220116472745,73.82769798639978,4,5,7,7,5,5,5,4,5,2,5,5,5,5,5,5,,5,5,5,5,5,7,5,4,4,5,4,4,5,5,5,4,9,8,9,8,4,9,7,9,8,9,8,9
18.72201224076463,73.82779282200846,4,4,7,7,5,5,5,4,5,7,5,5,5,5,5,5,,5,5,5,5,5,7,5,4,4,5,4,4,5,5,5,4,9,8,9,8,4,9,4,9,8,9,8,9
18.72192009962146,73.82750893819967,7,5,7,7,5,5,5,4,5,7,5,5,5,5,5,5,,5,5,5,5,5,7,5,4,4,5,4,4,5,5,7,4,9,8,9,8,4,9,4,9,8,9,8,9
18.72192069320441,73.82760377375084,7,5,7,7,5,5,5,4,5,7,5,5,5,5,5,5,,5,5,5,5,5,7,5,4,4,5,4,4,5,5,7,4,9,8,9,8,7,9,4,9,8,9,8,9
18.721921286739303,73.82769860930561,4,4,7,7,4,5,5,4,5,7,5,5,5,5,5,5,,5,7,5,5,5,7,5,4,4,5,4,4,5,5,7,4,9,8,9,4,7,9,4,9,8,9,8,9
18.72192188022635,73.82779344486391,4,4,7,7,5,5,5,4,5,5,5,5,5,5,5,5,,5,7,5,7,5,7,5,4,4,5,5,4,5,5,7,4,9,8,9,4,7,9,4,9,8,9,8,9
18.7218297390915,73.82750956120266,7,4,7,7,5,5,5,4,5,5,5,5,5,5,5,7,,5,7,5,7,5,5,5,4,4,5,5,4,5,5,7,4,9,8,9,4,7,9,4,9,8,9,8,9
18.721830332671303,73.82760439670348,7,5,7,7,5,5,5,4,5,5,5,5,5,5,5,7,,5,7,5,7,5,7,5,4,4,5,4,4,5,5,7,4,9,8,9,4,7,9,4,9,8,9,8,8
18.72183092620327,73.82769923220786,4,5,7,7,5,5,5,4,7,2,5,5,5,5,5,7,,5,7,5,7,5,7,5,4,4,4,4,4,5,7,5,5,9,8,9,4,7,9,4,9,8,9,8,8
18.7218315196871,73.82779406771583,4,4,7,7,5,5,5,4,7,2,5,5,5,5,5,7,,5,7,5,5,5,7,5,4,4,5,4,4,5,7,7,5,9,8,9,4,5,9,4,9,8,9,8,8
18.71656599463,73.74048690549931,7,4,7,7,5,5,5,4,7,2,5,7,7,5,5,7,,5,7,5,5,5,7,5,5,4,5,4,4,5,7,7,5,9,8,9,4,7,9,4,9,8,9,8,8
18.7165666320889,73.74058173499188,7,4,7,7,4,5,5,4,7,2,5,7,7,5,5,5,,5,7,5,7,5,5,5,4,4,5,4,4,5,7,7,4,9,8,9,4,7,9,4,9,8,9,8,8
18.71656726949911,73.74067656448828,7,5,7,5,4,5,5,4,7,2,5,7,7,5,5,5,,5,7,5,7,5,7,5,4,4,4,5,4,5,7,7,4,9,8,9,4,7,9,7,9,8,9,8,8
18.7165679068613,73.74077139398851,7,5,7,7,4,5,5,4,7,2,5,7,5,5,5,5,,5,7,5,5,5,7,5,4,4,4,5,4,5,7,7,4,9,8,9,4,7,9,4,9,8,9,8,8
18.7165685441755,73.74086622349256,7,4,7,7,5,5,5,4,7,2,5,7,7,5,5,5,,5,7,5,5,5,7,5,4,4,4,4,4,5,7,7,4,9,8,9,4,7,9,7,9,8,9,8,8
18.716569181441802,73.74096105300045,7,4,7,7,5,5,5,4,7,2,5,7,7,5,5,5,,5,7,5,7,5,7,5,5,5,5,4,4,5,7,5,4,9,8,9,4,5,9,7,9,8,9,8,8
18.71656981866013,73.74105588251211,7,4,7,7,5,5,5,5,7,2,5,7,7,5,5,5,,5,7,5,7,5,5,5,5,4,5,4,4,5,7,7,5,9,8,9,4,7,9,7,9,8,9,8,8
18.716475636978103,73.7404875745288,7,5,7,7,5,5,5,5,7,2,2,7,5,5,5,5,,7,7,5,7,5,4,5,5,4,5,4,4,5,7,7,5,9,8,9,4,7,9,7,9,8,9,8,8
18.716476274433013,73.74058240397102,7,5,7,7,4,5,5,5,7,2,5,2,5,5,5,5,,5,7,5,7,5,4,5,4,4,4,4,4,5,7,7,5,9,8,9,4,7,9,7,8,8,9,8,8
18.71647691183988,73.74067723341706,7,4,7,5,4,5,5,5,7,2,5,2,5,5,5,5,,5,7,5,7,5,5,5,4,4,4,5,4,5,7,7,4,9,8,9,4,7,9,7,8,8,9,8,8
18.71647754919879,73.74077206286697,7,4,7,7,4,5,5,5,7,2,5,2,5,5,5,5,,5,7,5,7,5,5,5,4,4,4,5,4,5,7,7,4,9,8,9,4,7,9,7,8,8,9,8,8
18.716478186509732,73.7408668923207,7,4,7,7,5,5,5,5,7,2,5,2,5,5,5,5,,5,7,5,7,5,5,5,4,4,5,4,4,5,7,7,4,9,8,9,4,7,9,4,8,8,9,8,8
18.7164788237727,73.74096172177822,7,4,7,7,5,5,5,5,7,2,5,5,5,5,5,7,,5,7,5,2,5,5,5,4,4,5,4,4,7,7,5,4,9,8,9,4,7,9,7,8,8,9,8,8
18.7164794609877,73.74105655123955,7,4,7,7,5,5,5,5,7,2,5,2,5,5,5,5,,5,7,5,2,5,4,5,4,4,5,4,4,7,7,7,4,9,8,9,4,7,9,7,8,8,9,8,8
18.716385279324648,73.74048824355444,7,4,7,7,5,5,5,5,7,2,2,2,7,5,5,5,,7,7,5,2,5,5,5,4,4,5,4,5,7,7,7,5,9,8,9,4,7,9,7,8,8,9,8,8
18.716385916776193,73.74058307294635,7,4,7,7,4,5,5,5,7,2,5,2,7,5,5,5,,5,7,5,2,5,5,5,4,4,5,4,5,7,7,7,5,9,9,9,4,7,9,7,8,8,9,8,8
18.7163865541797,73.74067790234206,10,4,7,5,4,5,5,7,7,2,5,2,7,5,5,5,,5,7,5,7,5,5,5,4,4,5,5,5,5,7,7,5,9,9,9,4,7,9,7,8,8,9,8,8
18.7163871915353,73.74077273174159,10,4,7,7,4,5,5,7,7,2,5,5,7,5,5,5,,5,7,5,2,5,5,5,5,5,4,5,5,7,7,7,4,9,9,9,4,9,9,7,8,8,9,8,8
18.71638782884302,73.74086756114497,10,4,7,7,4,5,5,7,7,2,5,2,7,5,5,5,,5,7,4,2,5,5,4,5,4,4,4,4,7,7,7,4,9,9,9,4,9,9,7,8,8,9,8,8
18.71638846610269,73.74096239055217,10,4,7,7,4,5,5,7,7,2,5,2,5,5,5,5,,5,7,4,2,5,5,4,5,4,4,4,4,7,7,5,4,9,9,9,4,9,9,7,8,8,9,8,8
18.716389103314,73.74105721996318,7,4,7,7,5,5,5,5,7,2,5,2,7,5,5,5,,5,7,4,2,5,4,4,4,4,4,4,4,7,7,5,4,9,9,9,4,9,9,7,9,8,9,8,8
18.71629492167024,73.74048891257627,7,4,7,7,5,5,5,5,7,2,7,2,7,5,5,5,,7,7,4,7,5,5,5,4,4,4,4,4,5,7,5,4,9,9,9,4,9,9,7,9,8,9,8,9
18.716295559118482,73.74058374191782,7,4,7,7,4,5,5,5,7,2,5,5,7,5,5,5,,5,7,4,2,5,5,5,4,4,4,4,4,7,7,5,5,9,9,9,4,9,9,7,9,8,9,8,9
18.716296196518762,73.7406785712632,10,4,7,5,4,5,5,7,7,2,5,5,7,5,5,5,,5,7,4,2,5,5,5,4,4,4,5,4,7,7,5,5,9,9,9,4,7,9,7,9,8,9,8,8
18.71629683387107,73.7407734006124,10,7,7,7,4,5,5,7,7,2,5,5,7,5,5,7,,5,7,4,2,5,5,4,4,4,4,5,4,7,5,5,5,9,9,9,4,7,9,7,9,8,9,8,8
18.716297471175412,73.74086822996544,10,7,7,7,4,5,5,7,7,2,5,5,5,5,5,5,,5,7,4,2,5,5,4,5,5,4,4,4,7,7,5,4,9,9,9,4,7,9,7,9,8,9,8,8
18.71629810843178,73.7409630593223,10,7,7,7,4,5,5,7,7,2,5,5,2,7,5,5,,5,7,4,7,4,5,4,4,4,4,4,4,5,7,5,4,9,9,9,4,7,9,5,9,8,9,8,8
18.71629874564019,73.74105788868296,7,7,7,7,5,5,5,7,7,2,5,5,2,5,5,5,,5,7,4,2,5,4,5,4,4,4,4,4,7,7,5,4,9,9,9,4,7,9,7,9,8,9,8,9
18.71620456401493,73.74048958159426,10,4,7,5,5,5,5,7,7,2,7,5,7,5,5,5,,7,7,4,2,5,5,5,4,4,4,4,4,7,7,5,4,9,9,9,4,7,9,7,9,8,9,8,9
18.71620520145988,73.74058441088549,10,4,7,5,4,5,5,7,7,2,2,5,7,5,5,5,,5,7,4,2,5,5,5,4,4,4,4,4,7,5,5,4,9,9,9,4,7,9,7,9,8,9,8,8
18.71620583885685,73.74067924018053,10,7,7,5,4,5,5,7,7,2,2,5,7,5,5,5,,5,7,4,2,5,5,4,4,4,4,7,4,7,7,5,5,9,9,9,9,7,9,7,9,8,9,8,8
18.71620647620586,73.74077406947939,10,7,7,7,4,5,5,7,7,2,2,5,5,5,5,5,,5,7,4,5,5,5,4,4,4,4,7,4,5,7,5,5,9,9,9,9,7,9,7,9,8,9,8,8
18.7162071135069,73.74086889878208,10,4,7,7,4,5,5,7,7,2,2,5,2,5,5,7,,5,7,4,4,5,5,4,4,4,4,4,4,5,7,5,5,9,9,9,9,7,9,7,9,8,9,8,8
18.71620775075998,73.7409637280886,10,4,7,7,4,5,5,7,7,2,2,5,2,7,5,5,,7,7,4,4,4,5,5,5,5,4,4,4,5,7,5,5,9,9,9,9,7,9,7,9,8,9,8,9
18.71620838796509,73.74105855739894,7,7,4,7,4,5,5,4,7,2,2,5,7,5,5,5,,7,7,4,5,5,5,5,4,4,4,4,5,5,5,5,5,9,9,9,9,7,9,7,9,8,9,8,9
18.7161142063587,73.74049025060843,10,7,4,5,4,7,5,4,7,2,7,5,7,5,5,5,,7,7,4,5,5,5,5,4,4,4,4,5,5,5,5,5,9,9,9,9,7,9,7,9,8,9,8,8
18.7161148438003,73.74058507984931,10,4,4,5,4,5,5,4,7,2,2,5,7,5,5,5,,5,7,4,4,5,5,4,4,4,4,4,5,5,5,5,5,9,9,9,9,4,9,7,9,8,9,8,8
18.71611548119406,73.74067990909401,10,4,7,5,4,5,5,4,7,2,2,5,5,5,5,5,,5,7,4,4,5,5,4,4,4,4,7,5,5,5,5,5,9,9,9,9,4,9,7,9,8,9,8,8
18.7161161185397,73.74077473834254,10,7,7,7,4,5,5,4,7,2,2,5,5,5,5,5,,5,7,4,4,5,5,4,4,4,4,7,5,5,5,5,5,9,9,9,9,4,9,7,9,8,9,8,8
18.71611675583751,73.74086956759491,10,7,7,7,4,5,5,4,7,2,2,5,5,5,5,5,,5,7,5,5,5,4,7,4,4,4,4,5,5,5,5,5,9,9,9,9,4,9,7,9,8,9,8,9
18.7161173930872,73.7409643968511,10,4,7,7,4,5,5,4,7,2,2,5,2,7,5,7,,7,7,5,5,4,5,7,4,4,4,4,5,5,5,7,5,9,9,9,9,4,9,7,9,8,9,8,9
18.716118030289103,73.74105922611109,7,4,4,7,4,5,5,4,7,2,2,5,2,5,5,7,,7,7,5,5,5,5,7,4,4,4,4,5,5,5,7,5,9,9,9,9,4,9,7,9,8,9,8,9
18.716023848701642,73.74049091961878,10,7,4,7,4,7,5,4,7,5,7,5,2,5,5,7,,7,7,5,5,5,5,7,4,4,4,4,5,5,5,7,8,9,9,9,9,4,9,4,9,8,9,8,9
18.71602448613999,73.74058574880931,10,7,4,7,4,5,5,5,7,5,2,5,5,5,5,7,,5,7,5,5,5,5,7,4,4,4,4,5,5,5,7,8,9,9,9,9,4,9,4,9,8,9,8,9
18.716025123530372,73.7406805780037,10,4,7,5,7,5,5,5,7,5,2,5,5,5,5,5,,5,7,5,5,5,5,7,4,4,4,4,5,5,5,4,8,9,9,9,9,4,9,4,9,8,9,8,9
18.716025760872782,73.74077540720187,10,4,7,7,7,5,5,5,7,5,2,5,5,5,4,5,,5,7,5,4,5,4,7,4,4,4,4,5,5,5,4,4,9,9,9,9,4,9,7,9,8,9,8,9
18.71602639816722,73.74087023640391,10,7,7,7,7,5,5,4,7,5,2,5,2,5,5,5,,5,7,5,5,5,5,7,4,4,4,4,5,5,5,4,7,9,9,9,9,4,9,7,9,8,9,8,9
18.7160270354137,73.74096506560973,10,7,7,7,4,5,5,4,7,5,2,5,2,7,5,5,,7,7,5,5,4,5,7,4,4,4,4,5,5,5,4,7,9,9,9,9,4,9,7,9,8,9,8,9
18.716027672612213,73.7410598948194,7,4,4,7,4,5,5,4,7,5,2,5,2,5,5,7,,7,7,5,5,5,5,7,4,4,4,4,5,5,5,4,7,9,9,9,9,4,9,7,9,8,9,8,9
18.71593349104365,73.7404915886253,10,4,4,7,4,7,5,5,7,5,7,5,7,5,5,7,,7,7,5,5,5,5,7,4,4,4,4,5,5,5,4,7,9,9,9,9,4,9,4,9,8,9,8,9
18.7159341284787,73.74058641776551,10,7,4,7,4,5,5,5,7,5,2,5,7,5,5,7,,5,7,5,5,5,5,7,4,4,4,4,5,5,5,4,7,9,9,9,9,4,9,4,9,8,9,8,9
18.715934765865782,73.74068124690955,10,7,4,5,7,5,5,5,7,5,2,5,7,5,5,7,,5,7,5,5,5,4,7,4,4,4,4,5,5,5,4,7,9,9,9,9,4,9,4,9,8,9,8,9
18.7159354032048,73.7407760760574,10,7,4,7,7,5,5,4,7,5,2,5,7,7,5,7,,5,7,5,4,4,5,7,4,4,4,4,4,5,5,4,4,9,9,9,9,4,9,7,9,8,9,8,9
18.71593604049604,73.74087090520909,10,7,7,7,7,5,5,4,7,5,2,5,7,7,5,7,,5,7,5,4,4,5,7,4,4,4,4,4,5,5,4,7,9,9,9,9,4,9,7,9,8,9,8,9
18.71593667773922,73.7409657343646,10,4,7,7,7,5,5,4,7,5,2,5,7,7,5,7,,7,7,5,4,4,5,7,4,4,4,4,4,5,5,4,7,9,9,9,9,4,9,7,9,8,9,8,9
18.71593731493443,73.74106056352392,7,4,4,7,7,5,5,4,7,5,2,5,7,5,5,7,,7,7,5,5,5,4,7,4,4,4,4,4,5,5,4,7,9,9,9,9,4,9,7,9,8,9,8,9
18.71584313338478,73.740492257628,10,4,4,7,7,7,5,4,7,5,7,5,7,5,5,7,,7,7,5,5,5,4,7,4,4,4,4,4,5,5,4,7,9,9,9,9,4,9,4,9,8,9,8,9
18.71584377081652,73.74058708671791,10,4,4,7,7,5,5,4,7,5,2,5,7,5,5,7,,5,7,5,5,5,4,7,4,4,4,7,4,5,5,4,7,9,8,9,9,4,9,7,9,8,9,8,9
18.7158444082003,73.74068191581158,7,4,4,7,7,5,5,7,7,5,2,5,5,5,5,7,,5,7,5,5,5,7,7,4,4,4,7,4,5,5,4,7,9,8,9,7,9,9,7,9,8,9,8,9
18.7158450455361,73.7407767449091,7,4,7,7,7,5,5,7,7,5,2,5,5,7,5,7,,7,7,5,5,4,7,7,4,4,5,4,4,5,5,4,7,9,8,9,7,9,9,7,9,8,9,8,9
18.71584568282396,73.74087157401044,7,4,7,7,7,5,5,2,7,5,2,5,7,7,5,7,,7,7,5,5,4,7,7,4,4,5,4,4,5,5,4,7,9,8,9,7,9,9,7,9,8,9,8,9
18.7158463200638,73.74096640311559,7,4,7,7,5,5,5,2,7,5,2,5,7,7,5,7,,7,7,5,5,4,7,4,4,4,5,4,4,5,5,4,7,9,7,9,7,9,9,7,9,8,9,8,9
18.71584695725576,73.7410612322246,7,4,7,7,5,5,5,2,7,5,2,5,7,5,5,7,,7,7,5,4,5,7,4,4,4,5,4,4,5,5,4,7,9,7,9,7,9,9,7,9,8,9,8,9
18.715752775725,73.7404929266269,10,4,7,7,5,7,5,7,4,5,7,5,5,5,5,5,,7,7,5,4,5,7,7,4,4,5,4,4,5,7,4,7,9,7,9,7,9,9,4,9,8,9,8,9
18.715753413153397,73.74058775566641,10,4,7,7,5,7,5,7,4,5,7,5,5,5,7,5,,4,7,5,4,5,7,7,5,5,5,4,4,4,7,4,7,9,8,9,7,9,9,7,9,8,9,8,9
18.7157540505339,73.74068258470977,7,4,7,7,5,7,5,2,7,5,7,5,7,5,7,5,,4,7,5,7,5,7,7,5,5,5,7,4,5,7,5,7,9,8,9,7,9,9,7,9,8,9,8,9
18.7157546878664,73.74077741375696,7,4,7,7,5,7,5,2,7,5,7,5,7,7,7,5,,7,7,5,2,4,7,4,5,5,5,7,4,5,7,5,7,9,8,9,7,9,9,7,9,8,9,8,9
18.715755325150987,73.74087224280797,7,4,7,7,5,7,5,2,7,5,7,5,7,7,7,5,,7,7,5,2,4,7,4,5,5,5,4,4,5,7,5,7,9,8,9,7,9,9,7,9,8,9,8,9
18.7157559623875,73.7409670718628,7,4,7,7,5,7,5,7,7,5,2,5,7,7,7,5,,7,7,5,7,4,7,7,5,5,5,4,4,5,5,5,7,9,7,9,7,9,9,7,9,8,9,8,9
18.715756599576,73.74106190092145,7,4,7,7,5,7,5,7,7,5,7,5,7,5,7,5,,4,7,5,7,5,7,4,5,5,5,4,4,5,7,5,7,9,7,9,7,9,9,7,9,8,9,8,9
18.71566241806434,73.74049359562194,7,4,7,7,4,4,5,2,7,5,7,5,7,5,7,5,,4,7,5,5,5,7,4,5,5,5,4,4,5,7,5,7,9,7,9,7,9,9,7,9,8,9,8,9
18.7156630554894,73.74058842461113,7,4,7,7,4,4,5,2,7,5,7,5,7,5,7,5,,7,7,5,7,5,7,4,5,5,5,4,4,5,7,7,7,9,8,9,7,9,9,7,9,8,9,8,9
18.715663692866602,73.74068325360416,7,4,7,7,4,7,5,2,7,5,7,4,7,5,7,5,,7,7,5,2,5,7,4,5,5,5,4,4,5,7,5,7,9,8,9,7,9,9,7,9,8,9,8,9
18.71566433019588,73.74077808260101,7,4,7,7,4,4,5,7,7,5,7,4,7,7,7,5,,7,7,5,2,4,7,4,5,5,5,7,4,5,7,5,7,9,8,9,7,9,9,7,9,8,9,8,9
18.715664967477128,73.74087291160167,7,4,7,7,4,4,5,7,7,5,7,4,7,7,7,5,,4,7,5,7,4,7,4,5,5,5,7,4,5,5,7,7,9,8,9,7,9,9,7,9,8,9,8,9
18.7156656047104,73.74096774060618,7,4,7,7,4,7,5,2,7,5,7,4,7,7,7,5,,4,7,5,7,4,7,4,5,5,5,4,4,5,7,7,7,9,7,9,7,9,9,7,9,8,9,8,9
18.7156662418957,73.74106256961447,7,4,7,7,4,4,5,2,7,5,7,4,7,5,5,5,,7,7,5,5,5,7,4,5,5,5,4,4,5,7,7,7,9,7,9,7,9,9,7,9,8,9,8,9
18.71557206040278,73.74049426461319,7,4,7,7,4,4,5,2,7,5,7,4,7,5,4,5,,7,7,5,7,5,7,4,5,5,7,4,4,5,7,7,7,9,7,9,7,9,9,7,9,8,9,8,9
18.71557269782463,73.74058909355203,7,4,7,7,4,7,5,2,7,5,7,4,7,5,4,5,,7,7,5,7,7,7,4,5,5,7,4,4,5,7,7,7,9,8,9,7,9,9,7,9,8,9,8,9
18.715573335198513,73.74068392249471,7,4,7,7,4,4,5,2,7,5,7,4,7,5,5,5,,7,7,5,7,7,7,4,5,5,5,4,4,5,7,7,7,9,8,9,7,9,9,7,9,8,9,8,9
18.71557397252442,73.74077875144123,7,4,5,7,4,4,5,2,7,5,7,4,7,7,4,5,,7,7,5,4,4,7,4,5,5,5,4,4,5,5,7,7,9,8,9,7,9,9,7,9,8,9,8,9
18.71557460980237,73.74087358039156,7,4,5,7,4,4,5,2,4,5,2,4,7,7,4,5,,7,5,5,4,4,7,7,5,5,7,4,4,5,5,7,7,9,8,9,7,9,9,7,9,8,9,8,9
18.71557524703236,73.7409684093457,7,4,5,7,4,4,5,2,4,5,2,4,7,7,4,5,,7,5,5,4,4,7,7,5,5,7,4,4,5,5,7,7,9,7,9,7,9,9,7,9,8,9,8,9
18.7155758842143,73.7410632383037,7,4,5,7,4,7,5,2,5,5,7,4,7,7,4,5,,7,5,5,7,5,7,7,5,5,5,4,4,4,7,7,7,9,7,9,7,9,9,7,9,8,9,8,9
18.71548170274032,73.74049493360056,10,4,5,7,4,7,5,2,5,5,2,4,7,7,4,5,,7,5,4,7,5,7,7,5,5,5,4,4,4,7,7,7,9,7,9,7,9,9,7,9,8,9,8,9
18.7154823401588,73.74058976248908,10,4,5,7,4,4,5,2,5,5,7,4,7,5,4,5,,7,5,4,7,5,7,5,5,5,5,4,4,4,5,7,7,9,8,9,7,9,9,7,9,8,9,8,9
18.71548297752945,73.74068459138145,7,4,5,7,4,4,7,2,7,5,7,4,7,5,4,5,,7,5,4,7,5,7,5,5,5,5,4,4,4,4,7,7,9,8,9,7,9,9,7,9,8,9,8,9
18.715483614852072,73.74077942027759,7,4,5,7,4,4,7,2,7,5,7,4,7,5,4,5,,7,5,5,7,5,7,7,5,5,5,4,4,4,4,7,7,9,7,9,7,9,9,7,9,8,9,8,9
18.7154842521267,73.74087424917761,7,7,5,7,4,7,7,4,7,5,7,4,5,5,4,5,,7,5,5,7,5,4,7,5,5,5,4,4,4,7,7,7,9,7,9,9,9,9,7,9,8,9,8,9
18.715484889353412,73.74096907808143,7,4,7,7,4,7,7,5,7,5,7,4,5,5,4,5,,7,5,5,7,5,7,5,5,5,4,4,4,4,7,7,7,9,7,9,9,9,9,7,9,8,9,8,9
18.715485526532127,73.74106390698905,7,4,7,7,4,4,7,5,7,5,5,7,5,5,4,5,,5,5,5,7,5,7,5,5,5,4,4,4,4,4,7,7,9,7,9,9,9,9,7,9,8,9,8,9
18.71539134507698,73.74049560258412,10,4,7,7,4,4,7,4,7,4,5,7,5,5,4,5,,5,7,4,7,5,4,7,5,5,5,4,4,4,4,7,7,9,7,9,9,9,9,4,9,8,9,8,9
18.71539198249223,73.74059043142233,10,4,7,7,4,4,7,5,7,4,4,7,5,5,4,5,,5,7,5,7,5,7,7,5,5,5,4,4,4,7,7,7,9,8,9,9,9,9,7,9,8,9,8,9
18.71539261985951,73.74068526026436,7,4,7,7,4,7,7,5,7,4,4,7,5,5,4,5,,5,5,5,7,5,7,5,5,5,4,4,4,4,7,7,7,9,8,9,9,9,9,4,9,8,9,8,9
18.7153932571788,73.74078008911019,7,4,7,7,4,7,7,4,7,4,7,7,5,5,4,5,,5,5,5,7,5,7,5,5,5,4,4,4,4,4,7,9,9,7,9,9,9,9,7,9,8,9,8,9
18.71539389445018,73.74087491795984,7,7,7,7,4,4,7,5,7,7,4,7,5,5,4,5,,5,7,5,4,4,7,7,5,5,4,4,4,4,4,7,9,9,7,9,9,9,9,4,9,8,9,8,9
18.71539453167357,73.74096974681332,7,4,7,7,4,4,7,5,7,7,4,7,5,4,4,5,,5,7,5,4,4,7,7,5,5,4,4,4,4,7,7,9,9,7,9,9,9,9,4,9,8,9,8,9
18.715395168849,73.74106457567065,7,4,7,7,4,4,7,4,7,7,7,5,5,4,4,5,,5,5,5,4,4,7,5,5,5,4,4,4,4,7,7,9,9,7,9,9,9,9,4,9,8,9,8,9
18.71530098741274,73.7404962715639,10,4,7,7,4,7,7,5,7,7,4,5,5,5,4,5,,5,5,4,4,4,7,5,5,5,5,4,4,4,4,7,9,9,7,9,9,9,9,4,9,8,9,8,9
18.71530162482469,73.74059110035176,10,4,7,7,4,7,7,5,7,7,4,5,5,4,4,5,,5,7,5,4,4,7,7,5,5,5,4,4,4,4,7,9,9,8,9,9,9,9,4,9,8,9,8,9
18.71530226218868,73.74068592914344,10,4,7,7,4,4,7,4,7,7,7,5,4,4,4,5,,5,7,5,4,4,5,7,5,5,4,4,4,4,4,7,9,9,8,9,9,8,9,4,9,8,9,8,9
18.715302899504,73.74078075793894,10,4,7,7,4,4,4,4,4,7,4,5,4,4,4,5,,5,5,5,4,4,7,5,5,5,4,4,5,4,4,7,9,9,7,9,9,8,9,4,9,8,9,8,9
18.71530353677275,73.74087558673826,7,7,7,7,4,4,4,4,4,7,4,5,4,4,4,5,,4,5,5,4,4,7,5,5,5,4,4,5,4,4,7,9,9,7,9,9,8,9,4,9,8,9,8,9
18.715304173992838,73.74097041554141,7,4,7,7,4,4,4,4,4,7,4,5,4,4,4,5,,5,7,5,4,4,5,7,5,5,5,4,5,4,4,7,9,9,7,9,9,7,9,4,9,8,9,8,9
18.7153048111649,73.74106524434839,7,4,7,7,4,4,4,4,4,7,4,5,4,4,4,5,,5,7,5,4,4,7,7,5,5,5,4,5,4,4,7,9,9,7,9,9,7,9,4,9,8,9,8,9
18.7098064776213,73.71645010131239,7,4,4,7,4,2,7,4,7,7,7,5,4,4,4,5,,7,5,4,4,4,7,5,5,5,5,7,5,4,4,7,9,9,7,9,9,7,9,4,9,8,9,8,9
18.70980712701759,73.71654492615039,7,4,7,7,5,2,7,4,7,7,7,5,4,4,4,5,,7,5,4,4,4,5,5,5,5,5,7,5,4,4,7,9,9,8,9,9,7,9,4,9,8,9,8,9
18.7098077763659,73.7166397509923,7,4,7,7,5,2,7,4,7,7,7,5,4,4,5,5,,7,7,4,4,4,5,7,5,5,4,7,5,4,4,7,9,9,8,9,9,7,9,4,9,8,9,8,9
18.70980842566626,73.71673457583806,7,4,7,7,5,2,7,4,7,7,7,5,4,4,5,5,,7,7,5,4,4,7,7,5,5,4,7,5,4,4,7,9,9,7,9,9,7,9,4,9,8,9,8,9
18.7097161207495,73.71645078284318,7,7,7,7,5,2,7,4,7,7,7,5,4,4,5,5,,7,5,5,4,4,7,5,5,5,4,7,5,4,4,7,9,9,7,9,9,7,9,4,9,8,9,8,9
18.70971677014247,73.71654560763088,7,4,4,7,5,2,7,7,7,7,7,5,7,4,5,5,,7,5,5,4,4,7,5,5,5,5,7,5,4,4,5,9,9,7,9,9,7,9,4,9,8,9,8,9
18.709717419487397,73.71664043242245,7,4,7,7,5,2,7,7,7,7,7,5,7,4,7,5,,7,5,5,4,4,7,5,5,5,5,7,5,4,4,5,9,9,7,9,9,7,9,4,9,8,9,8,9
18.709718068784397,73.71673525721795,7,4,7,7,5,2,7,4,7,7,7,5,5,4,7,5,,7,5,5,4,4,5,5,5,5,5,7,5,4,4,5,9,9,7,9,9,7,9,4,9,8,9,8,9
18.709625763876897,73.7164514643701,7,4,7,7,5,2,7,4,7,7,7,5,5,4,5,5,,7,5,5,4,4,5,5,5,5,5,7,5,4,4,5,9,9,8,9,9,7,9,4,9,8,9,8,9
18.7096264132664,73.71654628910746,7,7,7,7,7,2,7,7,7,7,7,5,7,4,5,5,,7,5,5,4,4,7,5,5,5,4,7,5,4,4,5,9,9,8,9,9,7,9,4,9,8,9,8,9
18.70962706260804,73.71664111384871,7,7,4,7,7,2,7,7,7,7,7,5,7,4,7,5,,7,5,5,4,4,7,5,5,5,4,7,5,4,4,5,9,9,7,9,9,7,9,4,9,8,9,8,9
18.70962771190168,73.7167359385939,7,7,7,7,7,2,7,4,7,5,7,5,5,4,7,5,,7,5,5,4,4,5,5,5,5,4,7,5,4,4,5,9,9,7,9,9,7,9,7,9,8,9,8,9
18.6921884718023,73.63987453833549,7,4,7,7,7,7,7,4,7,5,5,5,5,4,5,4,,4,5,4,4,4,5,5,4,4,5,4,5,4,4,5,9,9,7,9,9,7,9,7,9,8,9,8,9
18.69218915931198,73.63996935042357,7,4,7,7,7,7,7,7,7,5,4,5,7,4,5,4,,4,5,5,4,4,7,5,4,4,5,4,5,4,4,5,9,9,7,9,9,7,9,7,9,8,9,8,9
18.69218984677376,73.6400641625158,7,4,7,7,7,7,7,7,7,5,4,5,7,4,7,4,,4,5,5,4,4,7,5,4,4,4,4,4,4,4,5,7,9,8,9,9,7,9,7,9,8,9,8,9
18.692098117562622,73.63987525978818,7,4,4,7,5,7,7,4,7,5,5,5,5,4,7,4,,4,5,5,4,4,5,5,4,4,4,4,4,4,4,5,7,9,8,9,9,7,9,7,9,8,9,8,9
18.69209880506874,73.63997007182603,7,7,7,7,7,7,7,4,7,5,4,5,5,4,2,4,,4,5,5,4,4,5,5,4,4,4,4,5,4,4,5,7,9,8,9,9,7,9,7,9,8,9,8,9
18.6920994925269,73.64006488386799,7,7,7,7,7,7,7,7,7,5,4,4,7,4,2,4,,4,5,5,4,4,7,5,4,4,4,4,5,4,4,5,7,9,7,9,9,7,9,7,9,8,9,8,9
18.69200776332204,73.63987598123677,7,7,7,7,7,7,7,7,7,5,4,5,7,4,7,4,,4,5,5,4,4,7,5,4,4,4,4,5,4,4,5,7,9,7,9,9,7,9,7,9,8,9,8,9
18.692008450824,73.63997079322436,7,4,7,7,7,7,7,4,7,5,4,5,5,4,7,4,,4,5,5,4,4,5,5,4,4,5,4,5,4,4,5,7,9,7,9,9,7,9,7,9,8,9,8,9
18.69200913827925,73.64006560521607,7,4,7,4,7,7,7,4,7,7,4,5,5,4,2,4,,4,5,5,4,4,5,5,4,4,5,4,4,4,4,5,7,9,7,9,9,7,9,9,9,8,9,9,9
18.691917409080556,73.6398767026812,7,4,7,4,7,7,7,7,7,7,4,5,7,5,2,4,,4,5,5,4,4,7,5,4,4,4,4,4,4,4,5,7,9,8,9,9,7,9,9,9,8,9,9,9
18.691918096579553,73.63997151461855,7,4,7,4,4,7,7,7,7,4,4,4,7,5,4,4,,4,5,5,4,4,7,5,4,4,4,4,5,4,4,5,7,9,8,9,9,7,9,9,9,8,9,9,9
18.69191878403064,73.64006632656002,7,7,7,4,7,7,7,4,7,4,4,5,5,5,4,4,,4,5,5,4,4,5,5,4,4,4,4,5,4,4,5,7,9,8,9,9,7,9,9,9,8,9,9,9
18.691827054838193,73.63987742412155,7,7,7,4,7,7,7,4,7,7,4,5,5,5,4,4,,4,5,5,4,4,5,5,4,4,4,4,4,4,5,5,7,9,7,9,9,7,9,9,9,8,9,9,9
18.6918277423336,73.63997223600863,7,7,7,4,7,7,7,5,7,7,4,5,5,5,4,4,,4,5,5,4,4,5,5,4,4,4,4,4,4,5,5,7,9,7,9,9,9,9,9,9,8,9,9,9
18.691828429781147,73.64006704789983,7,4,7,4,7,7,7,5,7,4,4,5,5,5,4,4,,4,5,5,4,4,5,5,4,4,5,4,4,4,5,5,7,9,7,9,9,9,9,9,9,8,9,9,9
18.69173670059492,73.63987814555773,7,4,7,4,7,7,7,5,7,4,4,4,5,5,4,4,,4,5,5,4,4,5,5,4,4,5,4,4,4,5,5,7,9,7,9,9,9,9,9,9,8,9,9,9
18.691737388086697,73.63997295739456,7,4,7,4,7,7,7,5,7,7,4,4,5,5,4,4,,4,5,4,4,4,5,5,4,4,4,4,4,4,5,5,7,9,8,9,9,9,9,9,9,8,9,9,9
18.691738075530697,73.64006776923551,7,4,7,4,4,7,7,5,7,7,4,4,5,5,4,4,,4,5,4,4,4,5,5,4,4,4,4,4,4,5,5,7,9,8,9,9,9,9,9,9,8,9,9,9
18.69164634635075,73.63987886698979,7,7,7,4,4,7,7,5,7,4,4,5,5,5,4,7,,4,5,4,4,4,5,5,4,4,4,4,4,4,5,5,7,9,8,9,9,9,9,9,9,8,9,9,9
18.69164703383905,73.63997367877639,7,7,7,4,4,7,7,5,7,4,5,5,5,5,4,7,,4,5,4,4,4,5,5,4,4,4,4,4,4,5,5,7,9,7,9,9,9,9,9,9,8,9,9,9
18.691647721279463,73.64006849056709,7,7,7,4,5,7,7,5,7,7,5,4,5,5,4,7,,4,5,4,4,4,5,5,4,4,4,4,4,4,5,5,7,9,7,9,9,9,9,9,9,8,9,9,9
18.69155599210569,73.63987958841773,7,4,7,4,5,7,7,5,7,7,4,4,5,5,7,5,,4,5,4,4,4,5,5,5,5,5,4,4,4,5,5,7,9,7,9,9,9,9,9,9,8,9,9,9
18.6915566795904,73.63997440015406,7,4,7,4,4,7,7,5,7,7,5,4,5,5,4,5,,4,5,4,4,4,5,5,5,5,5,4,4,4,5,5,7,9,7,9,9,9,9,9,9,8,9,9,9
18.69155736702727,73.64006921189453,7,4,7,4,4,7,7,5,7,7,5,5,5,5,4,5,,4,5,4,4,4,5,5,5,5,4,4,4,4,5,5,7,9,8,9,9,9,9,9,9,8,9,9,9
18.691465637859732,73.63988030984157,7,4,7,4,4,7,7,5,7,4,4,5,5,5,4,5,,4,7,4,4,4,5,5,5,5,4,4,5,4,5,7,7,9,8,9,9,9,9,9,9,8,9,9,9
18.691466325340897,73.6399751215276,7,7,7,4,4,7,7,5,7,4,4,5,5,5,7,5,,4,7,4,4,4,5,5,5,5,4,4,5,4,5,7,7,9,8,9,9,9,9,9,9,8,9,9,9
18.69146701277419,73.64006993321783,7,7,7,4,4,7,7,5,7,4,4,5,5,5,7,5,,4,7,4,4,4,5,5,5,5,4,4,4,4,5,5,7,9,7,9,9,9,9,9,9,8,9,9,9
18.6913745960873,73.63978621962954,7,7,7,4,4,7,7,5,7,7,4,5,5,5,7,5,,4,7,4,4,4,5,5,5,5,4,4,4,4,5,7,7,9,7,9,9,9,9,8,9,8,9,9,9
18.691375283612878,73.63988103126124,7,4,7,4,4,7,7,5,7,7,4,5,5,5,7,5,,4,7,4,4,4,5,5,5,5,5,4,4,4,5,7,7,9,7,9,9,9,9,8,9,8,9,9,9
18.691375971090487,73.63997584289706,7,4,7,4,4,7,7,5,7,4,4,5,5,4,7,5,,4,5,4,4,4,5,5,5,5,5,4,4,4,5,7,7,9,7,9,9,9,9,9,9,8,9,9,9
18.691376658520202,73.64007065453701,7,4,7,4,4,7,7,5,7,4,4,5,5,4,7,5,,4,5,4,4,4,5,5,5,5,4,4,5,4,5,7,7,9,8,9,9,9,9,9,9,8,9,9,9
18.68528205362165,73.67226132629936,7,4,7,4,4,5,5,5,7,4,5,5,5,4,7,5,,4,7,4,4,4,5,5,5,5,4,4,5,5,5,7,7,9,8,9,9,9,9,9,9,8,9,9,9
18.685282724524328,73.67235613580894,7,7,7,4,4,5,5,5,7,7,5,5,5,5,7,5,,4,7,4,4,4,5,5,5,5,4,4,4,5,5,5,7,9,8,9,9,9,9,8,9,8,9,9,9
18.685283395379127,73.67245094532251,7,7,7,4,4,5,5,5,7,7,5,5,5,4,7,5,,4,7,4,4,4,5,5,5,5,4,4,4,5,7,7,7,9,7,9,9,9,9,8,9,8,9,9,9
18.685284066186057,73.67254575484013,7,7,7,4,4,5,5,5,7,4,5,5,5,4,7,5,,4,7,4,4,4,5,5,5,5,4,4,4,5,7,7,7,9,7,9,9,9,9,9,9,8,9,9,9
18.685191698110827,73.67226203029672,4,4,7,4,4,4,5,5,2,4,5,5,5,4,7,5,,4,7,4,4,4,5,5,5,5,5,4,4,5,5,7,7,9,7,9,9,9,9,9,9,8,9,9,9
18.68519236901004,73.67235683975605,4,4,4,4,4,4,5,5,2,4,5,5,5,5,7,5,,4,5,4,4,4,5,5,5,5,5,4,5,5,5,7,7,9,7,9,9,9,9,9,9,8,9,9,9
18.68519303986136,73.67245164921941,7,7,4,4,4,4,5,5,2,7,5,5,5,4,7,5,,4,5,4,4,4,5,5,5,5,4,4,5,5,7,7,7,9,8,9,9,9,9,9,9,8,9,9,9
18.68519371066481,73.6725464586868,7,7,4,4,4,4,5,5,2,7,5,5,5,4,7,5,,4,7,4,4,4,5,5,5,5,4,4,5,5,7,5,7,9,7,9,9,9,9,9,9,8,9,9,9
18.6851013425991,73.67226273429004,4,7,7,4,4,4,5,5,2,4,5,5,5,4,7,5,,4,7,4,4,4,5,5,5,5,4,4,5,5,5,5,7,9,7,9,9,9,9,9,9,8,9,9,9
18.68510201349486,73.67235754369914,4,7,7,4,4,4,5,5,2,4,5,5,5,5,7,5,,4,7,4,4,4,5,7,5,5,4,4,5,5,5,5,7,9,7,9,9,9,9,9,9,8,9,9,9
18.68510268434271,73.67245235311226,7,7,7,7,5,4,5,5,2,4,5,5,5,4,7,5,,4,7,5,4,4,5,7,5,5,4,4,5,5,7,5,7,9,7,9,9,9,9,9,9,8,9,9,9
18.6851033551426,73.6725471625294,7,7,4,4,5,4,5,5,2,7,5,5,5,4,7,5,,4,7,5,4,4,5,4,5,5,5,4,4,5,7,5,7,9,7,9,9,9,9,9,9,8,9,9,9
18.6850109870865,73.67226343827933,4,7,4,4,5,7,7,5,2,7,5,5,5,4,7,5,,5,5,5,4,4,5,5,5,5,5,4,4,5,5,5,7,9,7,9,9,9,9,9,9,8,9,9,9
18.68501165797878,73.6723582476382,4,7,4,4,5,7,7,5,2,5,5,5,5,5,7,5,,5,5,5,4,4,5,5,5,5,4,4,4,5,5,5,7,9,8,9,9,9,9,8,9,8,9,9,9
18.685012328823102,73.67245305700109,4,7,7,7,7,7,7,5,2,5,5,5,5,5,7,5,,5,7,5,5,5,7,5,5,5,4,4,4,5,7,9,7,9,7,9,9,9,9,8,9,8,9,9,9
18.6850129996196,73.67254786636802,4,7,7,4,7,7,7,5,2,5,5,5,5,2,7,5,,5,7,5,7,4,7,5,5,5,4,4,4,5,7,9,7,9,7,9,9,9,9,8,9,8,9,9,9
18.68492063157304,73.67226414226461,4,7,4,4,4,7,7,5,2,5,5,5,5,5,7,5,,5,7,5,7,4,7,7,7,7,4,4,4,5,5,9,5,9,7,9,9,9,9,8,9,8,9,9,9
18.68492130246181,73.67235895157324,4,7,4,4,4,7,7,5,2,5,5,5,5,2,7,5,,5,7,5,7,4,5,7,7,7,4,4,7,5,7,9,5,9,7,9,9,9,9,8,9,8,9,9,9
18.6849219733027,73.67245376088589,4,7,4,7,4,7,7,5,2,5,5,5,5,5,7,5,,5,7,5,7,4,5,4,7,7,5,4,7,5,7,9,5,9,7,9,9,9,9,8,9,8,9,9,9
18.684922644095717,73.67254857020257,4,7,4,4,4,7,7,5,2,5,5,5,5,2,7,5,,5,5,7,7,4,5,5,7,7,5,4,4,5,4,9,5,9,7,9,9,9,9,8,9,8,9,9,9
18.681140063540962,73.6871791813423,7,7,7,4,4,7,7,5,7,5,5,5,5,5,7,5,,4,5,7,7,4,5,5,5,5,4,5,4,5,4,9,5,9,7,9,9,9,9,8,9,8,9,9,9
18.681140726765218,73.68727398912009,7,7,7,4,4,7,7,5,7,5,7,5,5,5,7,5,,4,7,5,4,4,7,7,7,7,4,5,4,5,4,9,5,9,7,9,9,9,9,8,9,8,9,9,9
18.681141389941608,73.68736879690191,7,7,4,7,4,7,7,5,7,5,7,5,5,5,7,5,,4,7,5,4,4,7,7,7,7,4,5,4,5,4,9,5,9,7,9,9,9,9,8,9,8,9,9,9
18.68114205307013,73.68746360468765,7,7,4,7,4,7,7,5,7,5,7,5,5,5,7,5,,4,7,7,7,4,7,4,7,7,4,4,4,5,8,9,5,9,7,9,9,9,9,8,9,8,9,9,9
18.68104970744518,73.6871798772655,7,7,4,7,4,7,7,5,7,5,5,5,5,5,7,5,,4,7,7,7,4,5,4,7,7,4,5,4,5,8,9,5,9,7,9,9,9,9,8,9,8,9,9,9
18.681050370666,73.6872746849931,7,7,4,7,4,7,7,5,7,5,7,5,5,5,7,5,,4,7,5,4,4,5,4,5,5,5,5,7,5,8,9,5,9,7,9,9,9,9,7,9,8,9,9,9
18.681051033838948,73.68736949272467,7,7,4,7,5,7,7,5,7,5,7,5,5,5,7,5,,4,5,4,7,4,5,5,7,7,5,5,7,5,7,9,5,9,7,9,9,9,9,7,9,8,9,9,9
18.681051696963998,73.68746430046022,7,7,4,7,4,7,7,5,7,5,7,4,5,5,7,5,,4,5,4,4,4,5,5,7,7,4,4,4,5,7,9,5,9,7,9,9,9,9,8,9,8,9,9,9
18.680959351348513,73.68718057318476,7,7,4,7,4,7,7,5,7,5,7,5,5,5,7,5,,4,7,4,4,4,7,7,7,7,4,4,4,5,8,9,5,9,7,9,9,9,9,8,9,8,9,9,9
18.68096001456589,73.68727538086212,7,7,7,7,5,7,7,5,7,5,2,5,5,5,7,5,,4,7,4,7,4,7,7,7,7,4,5,4,5,8,9,5,9,7,9,9,9,9,8,8,8,9,9,9
18.6809606777354,73.68737018854347,7,7,4,7,5,7,7,5,7,5,2,5,5,5,7,5,,4,7,4,7,4,7,4,5,5,4,5,4,5,8,9,5,9,7,9,9,9,9,8,7,8,9,9,9
18.68096134085705,73.68746499622881,7,7,4,7,5,7,7,5,7,5,2,5,5,5,7,5,,4,7,4,4,4,5,4,7,7,4,4,4,5,8,9,5,9,7,9,9,9,9,8,7,8,9,9,9
18.680868995250897,73.68718126910002,7,7,7,7,5,7,7,5,7,5,7,5,5,5,7,5,,4,7,4,7,4,5,4,7,7,5,4,4,5,7,9,5,9,7,9,9,9,9,7,7,8,9,9,9
18.6808696584648,73.68727607672717,7,2,7,7,5,7,7,5,7,5,2,5,5,5,7,5,,4,5,4,7,4,5,5,7,7,5,5,7,5,7,9,5,9,7,9,9,9,8,7,8,8,9,9,9
18.680870321630962,73.6873708843583,7,2,4,7,5,7,7,5,7,5,2,5,5,5,7,5,,4,5,4,7,4,5,5,7,7,4,5,7,5,8,9,5,9,7,9,9,9,8,8,7,8,9,9,9
18.680870984749173,73.68746569199341,7,4,4,7,5,7,7,5,7,5,2,5,5,5,7,5,,4,7,4,4,4,7,7,5,5,4,4,4,5,8,9,5,9,7,9,9,9,8,7,7,8,9,9,9
18.65867706757373,73.69247129413758,7,4,7,7,5,7,7,5,2,5,5,5,5,5,7,5,,5,7,4,4,4,7,7,5,5,4,5,4,4,8,9,5,9,7,9,9,9,8,7,7,8,9,9,9
18.658677727360423,73.69256608963349,4,4,4,7,5,7,7,5,2,5,5,5,5,5,7,5,,7,7,4,4,4,7,4,5,5,4,7,4,4,8,9,5,9,7,9,9,9,8,7,8,8,9,9,9
18.6585867110702,73.69247198636107,7,4,4,7,5,7,7,5,2,5,5,5,5,5,7,5,,7,7,4,7,4,5,4,5,5,4,7,4,4,7,9,5,9,8,9,9,9,8,7,8,8,9,9,9
18.658587370853397,73.69256678180679,4,4,4,7,5,5,7,5,2,5,5,5,5,5,7,5,,7,7,4,7,4,5,4,5,5,4,7,4,4,7,9,5,9,8,9,9,9,9,7,8,8,9,9,9
18.6584963545657,73.69247267858056,7,4,7,7,5,7,7,5,2,5,5,4,5,5,7,5,,7,5,4,7,4,7,5,5,5,4,7,4,4,7,9,7,9,8,9,9,9,9,7,8,8,9,9,9
18.658497014345627,73.69256747397617,4,4,4,7,5,5,7,5,2,5,5,4,5,5,7,5,,7,5,4,4,4,7,5,5,5,4,7,4,4,8,9,7,9,8,9,9,9,8,4,8,8,9,8,9
18.653944028609843,73.67468559079094,7,4,4,7,5,5,7,5,7,5,7,4,5,5,7,5,,5,7,4,4,4,7,7,4,4,4,4,4,4,8,9,7,9,8,9,9,9,8,4,8,8,9,8,9
18.6539446972068,73.67478038297901,2,4,4,7,5,7,7,5,7,5,7,5,5,5,7,5,,5,7,4,4,4,7,7,5,5,4,4,4,4,8,9,7,9,8,9,9,9,8,4,8,8,9,8,9
18.6539453657559,73.6748751751711,2,4,7,7,5,7,7,5,7,5,7,5,7,5,7,5,,5,7,4,7,4,4,4,5,5,4,4,4,4,7,9,4,9,9,9,9,9,8,7,8,8,9,8,9
18.65394603425736,73.67496996736722,2,4,7,7,4,7,7,5,7,5,7,5,5,5,7,5,,7,7,4,7,4,5,4,5,5,4,4,4,4,7,9,5,9,9,9,9,9,8,7,4,8,9,8,9
18.65394670271095,73.67506475956733,2,4,7,7,4,7,7,5,7,5,7,5,5,5,4,5,,7,7,4,7,4,5,4,5,5,4,4,4,4,7,9,5,9,8,9,9,9,8,7,4,8,9,9,9
18.6539473711167,73.67515955177147,7,4,7,7,4,7,7,5,7,4,7,5,5,5,4,5,,5,7,4,7,4,7,7,5,5,4,4,4,4,8,9,7,9,8,9,9,9,9,4,4,8,9,8,9
18.653853672708923,73.6746862922377,7,4,7,7,4,5,7,5,7,5,7,7,5,5,7,5,,5,7,4,7,4,7,7,5,5,4,4,4,4,9,9,7,9,8,9,9,9,9,4,4,8,9,8,9
18.65385434130241,73.67478108437561,2,4,7,7,4,7,7,5,7,5,7,7,5,5,7,5,,5,7,4,7,4,7,7,4,4,4,4,4,4,9,9,5,9,8,9,9,9,8,4,4,8,9,8,9
18.6538550098481,73.67487587651756,2,4,7,7,4,7,7,5,7,5,7,7,5,5,7,5,,5,7,4,7,4,7,7,5,5,4,4,4,4,8,9,7,9,9,9,9,9,8,7,4,8,9,8,9
18.653855678345998,73.67497066866353,2,4,7,7,4,7,7,5,7,5,7,5,7,5,7,5,,7,7,4,7,4,4,4,5,5,4,4,4,4,8,9,7,9,9,9,9,9,8,7,4,8,9,8,9
18.65385634679614,73.67506546081353,2,4,7,7,4,7,7,5,7,5,7,5,5,5,7,5,,7,7,4,7,4,5,4,5,5,4,4,4,4,7,9,7,9,8,9,9,9,8,4,4,8,9,8,9
18.65385701519847,73.67516025296753,7,4,7,7,4,7,7,5,7,4,7,7,5,5,7,5,,5,7,4,7,4,5,4,5,5,4,4,4,4,8,9,7,9,8,9,9,9,8,4,4,8,9,8,9
18.6537633168071,73.67468699368037,7,4,7,7,4,5,5,5,2,5,5,7,5,5,7,5,,5,7,4,7,4,7,7,5,5,4,4,4,4,9,9,7,9,8,9,9,9,8,4,4,8,9,8,9
18.653763985397124,73.67478178576819,7,4,7,7,4,7,7,5,2,5,5,7,5,5,7,5,,5,7,4,7,4,7,7,5,5,4,4,4,4,9,9,5,9,8,9,9,9,8,4,4,8,9,8,9
18.65376465393935,73.67487657786002,7,4,7,7,4,7,7,5,2,5,5,5,5,2,7,5,,5,7,4,7,4,7,7,4,4,4,4,4,4,8,9,7,9,9,9,9,9,8,7,4,8,9,8,9
18.653765322433788,73.67497136995584,7,4,7,7,5,7,7,5,2,5,2,5,5,2,7,5,,7,7,4,7,4,7,7,5,5,4,4,4,4,8,9,7,9,9,9,9,9,8,7,4,8,9,8,9
18.65376599088044,73.6750661620557,7,4,7,7,5,7,7,5,2,5,2,7,7,7,7,5,,7,7,4,7,4,4,4,5,5,4,4,4,4,7,9,7,9,9,9,9,9,8,4,4,8,9,8,9
18.653766659279302,73.67516095415958,7,4,7,7,5,7,7,5,7,4,7,7,5,2,7,5,,7,7,4,7,4,5,4,5,5,4,4,4,4,4,9,7,9,9,9,9,9,8,4,4,8,9,8,9
18.65367296090439,73.67468769511908,7,4,7,7,5,5,5,5,2,4,5,7,5,2,7,5,,5,7,4,7,4,5,4,5,5,4,4,4,4,4,9,7,9,9,9,9,9,8,4,4,8,9,8,9
18.65367362949094,73.67478248715675,7,4,7,7,5,7,7,5,2,4,5,7,5,7,7,5,,5,7,4,7,4,7,7,5,5,4,4,4,4,4,9,5,9,9,9,9,9,8,4,4,8,9,8,9
18.6536742980297,73.67487727919844,7,4,7,7,5,7,7,5,2,5,5,7,5,5,7,5,,5,7,4,7,4,7,7,5,5,4,4,4,4,4,9,7,9,9,9,9,9,8,4,4,8,9,9,9
18.653674966520672,73.67497207124414,7,4,7,7,5,7,7,5,2,5,2,7,5,5,7,5,,7,7,4,7,4,7,7,5,5,4,4,4,4,4,9,7,9,9,9,9,9,8,4,4,8,9,9,9
18.65367563496385,73.67506686329386,7,4,7,7,5,7,7,5,2,5,2,7,5,5,7,5,,7,7,4,7,5,7,7,4,4,4,4,4,4,4,9,7,9,9,9,9,9,8,4,4,8,9,9,9
18.65367630335924,73.67516165534761,7,7,7,7,5,7,7,5,7,7,7,7,7,7,7,5,,7,7,4,4,4,4,7,4,4,4,4,4,4,4,9,7,9,9,9,9,9,8,4,4,8,9,9,9
18.65358260500079,73.67468839655376,5,7,7,7,5,5,5,5,2,7,5,7,2,7,7,5,,5,7,4,4,4,5,7,4,4,4,4,4,4,4,9,7,9,9,9,9,9,8,4,4,8,9,9,9
18.65358327358387,73.67478318854128,7,7,7,7,5,4,7,5,2,7,2,7,2,7,7,5,,7,7,4,4,4,5,4,4,4,4,4,4,4,7,9,5,9,9,9,9,9,8,4,4,8,9,9,9
18.65358394211916,73.67487798053284,7,7,7,7,5,4,7,5,2,7,2,7,5,7,7,4,,7,7,7,4,4,7,7,4,4,4,4,4,4,7,7,9,9,7,9,9,9,8,4,4,8,9,9,9
18.65358461060666,73.67497277252842,4,4,7,7,7,4,7,5,2,2,2,7,5,7,7,5,,7,7,7,4,4,7,7,5,5,4,4,4,4,7,7,9,9,7,9,9,9,8,4,7,8,9,9,9
18.6535852790463,73.67506756452799,4,7,7,7,7,4,7,5,2,7,2,7,2,7,7,5,,7,7,7,4,4,7,7,5,5,4,4,4,4,7,7,9,9,7,9,9,9,8,4,7,8,9,9,9
18.6535859474382,73.67516235653163,7,7,7,7,7,7,7,5,2,7,2,7,2,7,7,5,,7,7,7,4,4,7,7,5,5,4,4,4,4,7,7,9,9,7,9,9,9,8,4,4,8,9,9,9
18.65349224909629,73.67468909798441,5,4,7,7,7,5,5,7,2,2,5,5,7,7,7,5,,5,7,5,4,4,4,7,4,4,4,4,4,4,7,7,9,9,7,9,9,9,8,4,4,8,9,9,9
18.653492917675,73.67478388992181,7,4,7,7,7,4,7,5,2,2,2,5,2,7,7,5,,7,7,5,4,4,5,7,4,4,4,4,4,4,7,7,9,9,7,9,9,9,8,4,4,8,9,9,9
18.6534935862077,73.67487868186322,7,7,7,7,7,4,7,5,2,7,2,4,2,7,5,5,,7,5,5,4,4,5,5,4,4,5,4,4,4,7,7,7,9,8,9,9,9,8,4,4,8,9,9,9
18.653494254691697,73.67497347380869,4,7,7,7,7,4,7,5,2,7,2,4,5,7,5,5,,7,5,5,4,4,7,5,5,5,5,4,4,4,7,7,7,9,8,9,9,9,8,4,7,8,9,9,9
18.653494923127898,73.67506826575813,4,7,7,7,7,4,7,5,2,7,2,5,5,7,5,5,,7,5,5,4,4,7,7,5,5,4,4,4,4,7,7,4,9,8,9,9,9,8,4,7,8,9,9,9
18.6534955915164,73.67516305771159,7,4,7,7,7,7,7,5,2,2,2,5,2,7,5,5,,7,5,5,4,4,7,5,5,5,5,4,4,4,7,7,7,9,8,9,9,9,8,4,4,8,9,9,9
18.65189530335264,73.71802367557432,7,4,7,7,7,5,7,5,7,2,7,5,2,7,5,5,,7,5,5,4,4,7,5,4,4,5,5,4,4,7,7,7,9,8,9,9,9,8,4,4,8,9,9,9
18.65189595002083,73.71811846826554,7,7,7,7,7,5,7,7,7,7,7,5,7,7,5,5,,7,5,5,4,4,4,5,4,4,4,5,4,4,7,7,4,9,8,9,9,9,8,4,4,8,9,9,9
18.6518965966412,73.71821326096068,7,7,7,7,7,5,7,5,7,7,5,5,2,7,5,5,,7,5,5,4,4,7,5,4,4,5,4,4,4,7,7,7,9,8,9,9,9,8,4,4,8,9,9,9
18.6518049458682,73.71802435400738,7,7,7,7,2,5,7,5,7,7,7,5,2,7,5,5,,7,5,5,4,4,7,5,5,5,5,5,4,4,7,7,7,9,8,9,9,9,8,4,7,8,9,9,9
18.65180559253311,73.71811914664848,7,4,7,7,2,5,7,5,7,2,7,5,5,7,5,5,,7,5,5,4,4,7,5,5,5,4,5,4,4,7,7,4,9,8,9,9,9,8,4,7,8,9,9,9
18.6518062391501,73.7182139392935,7,4,7,7,2,5,7,5,7,2,5,4,5,7,4,5,,7,5,5,4,4,7,5,5,5,5,4,4,4,5,5,9,9,8,9,9,9,8,4,7,8,9,9,9
18.65171458838302,73.71802503243659,7,7,7,7,2,5,5,5,7,7,5,4,2,7,4,5,,7,5,5,4,4,7,5,5,5,5,4,4,4,5,5,9,9,8,9,9,9,8,4,7,8,9,9,9
18.651715235044502,73.71811982502756,7,4,7,7,2,5,5,5,7,2,5,4,2,7,4,5,,7,5,5,4,4,7,5,5,5,5,4,4,4,5,5,9,9,8,9,9,9,8,4,7,8,9,9,9
18.65171588165819,73.71821461762242,7,7,7,7,2,5,5,7,7,7,5,4,7,7,4,5,,7,5,5,4,4,4,5,4,5,5,5,4,7,5,5,9,9,8,9,9,9,8,4,7,8,9,9,9
