B11,B2,B3,B4,B8,Label
4021,877,1062,1526,2320,0
19,243,323,157,25,4
3416,1050,1372,1756,2712,0
2249,619,780,976,1523,1
3291,867,1244,1632,2562,1
26,242,248,101,63,4
1182,356,484,346,1896,2
1927,1402,1464,1532,1786,3
60,208,210,89,4,4
4026,862,1104,1544,2362,0
21,213,212,92,29,4
1682,887,1068,1188,1875,3
3057,800,1068,1564,2445,1
19,251,313,164,26,4
976,539,579,671,881,0
2819,1554,1620,1728,1799,3
1720,387,543,470,2156,0
3972,860,1050,1466,2272,0
151,346,344,255,326,4
1517,619,709,696,1766,0
3952,886,1086,1506,2380,0
28,248,328,158,29,4
13,203,210,90,27,4
1754,780,805,899,1193,3
147,247,223,176,227,4
2606,1368,1470,1494,1794,3
2006,1366,1396,1472,1907,3
1824,536,672,608,1910,0
1601,545,666,580,1999,0
1812,594,706,683,1990,0
194,477,548,356,428,4
193,455,511,330,351,4
2384,1866,2008,2218,2482,3
1955,565,709,696,1970,0
1647,1572,1650,1798,2158,3
3025,808,1094,1614,2288,1
2165,590,736,994,1495,1
2079,598,854,528,3689,0
14,189,206,90,22,4
1811,425,716,465,2792,0
25,247,319,157,25,4
3289,2302,2540,2832,2894,3
1607,487,651,475,2658,2
2404,568,708,847,1860,1
17,237,343,154,23,4
228,313,272,223,258,4
2379,1822,2060,2168,2509,3
2425,573,738,877,2124,1
2418,591,763,1050,1841,1
3065,807,1068,1360,2482,1
194,546,616,467,481,4
142,371,341,264,325,4
1778,719,817,1034,1223,3
2416,623,744,1007,1691,1
2615,582,747,817,2141,1
199,552,598,472,452,4
1973,359,661,426,2951,0
2829,1578,1554,1618,1658,3
156,373,338,283,302,4
1641,651,776,689,2160,0
2218,484,660,694,2034,1
2382,615,733,957,1474,1
20,211,204,90,51,4
4021,885,1086,1504,2378,0
1966,526,687,477,2978,2
3366,973,1346,1796,2608,1
2401,624,738,1056,1510,1
19,248,320,158,25,4
2413,661,874,1170,1686,1
1936,1120,1188,1182,1535,3
20,283,375,206,34,4
2445,548,709,850,1932,1
177,427,492,336,337,4
2470,1246,1164,1288,1847,3
944,383,460,392,418,1
1747,419,578,515,2276,0
2449,592,764,971,1942,1
21,243,308,153,25,4
20,264,368,204,34,4
3817,2152,2342,2464,2388,3
1462,433,594,425,2358,2
2421,545,751,841,2218,1
24,202,221,108,62,4
2143,1212,1472,1614,1932,3
175,501,596,409,457,4
27,232,243,108,61,4
1476,440,556,404,2154,2
23,272,373,210,35,4
1877,919,1050,1282,1666,3
2332,585,727,977,1493,1
1835,590,827,546,3343,0
21,166,192,77,1,4
27,267,291,136,64,4
2337,553,711,1000,1744,1
31,271,397,208,42,4
2201,484,625,669,1886,1
1629,444,611,472,2584,2
18,196,207,49,1,4
18,238,321,162,22,4
1780,419,561,529,2176,0
1511,495,654,435,2464,2
23,178,195,66,1,4
1769,441,634,480,2358,2
1544,502,697,481,2910,2
2843,1518,1864,2042,2155,3
2003,1116,1210,1356,1594,3
1787,707,894,839,1926,0
1259,345,443,315,1636,2
2438,1750,1610,1620,2037,3
18,245,314,141,21,4
1758,1338,1378,1376,1826,3
2188,499,690,736,1816,1
1732,940,1004,1021,1074,3
3922,890,1102,1532,2386,0
1590,397,533,360,2346,2
2438,1414,1396,1396,1772,3
2035,1482,1670,1674,1668,3
2779,1166,1282,1366,1301,3
200,552,622,484,465,4
1692,1044,1054,1128,1196,3
34,277,385,216,40,4
21,198,200,87,31,4
1365,445,615,791,1253,0
12,202,213,83,42,4
16,208,227,63,5,4
20,234,317,158,25,4
29,292,382,208,41,4
1407,394,619,413,2332,2
22,253,320,157,25,4
2448,528,695,736,2121,1
2261,1090,1134,1238,1220,3
3138,824,1132,1578,2576,1
1906,783,1005,957,1121,3
16,199,199,90,50,4
2267,601,719,974,1566,1
2397,1362,1530,1700,1811,3
25,230,232,91,62,4
1741,394,565,518,2294,0
1715,637,792,907,1332,1
4204,2410,2836,3274,3619,3
26,242,291,132,63,4
3042,1046,1326,1750,2520,0
1467,426,510,574,1032,0
1359,375,557,361,2210,2
1865,1230,1324,1410,1527,3
1971,1370,1378,1448,1947,3
2079,1154,1426,1512,1787,3
955,510,550,673,924,0
1643,505,799,510,3284,2
19,252,291,149,31,4
3182,811,1110,1694,2568,1
362,610,694,509,491,4
1681,401,570,490,2170,0
34,282,385,216,38,4
2157,836,1152,1628,1952,1
2639,673,850,1102,1896,1
1865,1186,1228,1388,1533,3
127,239,209,172,218,4
2139,1136,1136,1288,1728,3
1809,961,1034,1080,1114,3
1563,529,677,605,2019,0
27,268,388,218,42,4
2675,899,1220,1770,2294,1
1696,507,644,565,2120,0
2478,998,1268,1866,2145,1
1728,387,547,413,1910,2
2548,636,861,1210,1801,1
31,248,276,137,61,4
2156,883,1194,1672,1898,1
2226,1200,1390,1368,1796,3
169,223,295,180,215,4
2162,1158,1544,1656,1890,3
2001,962,1240,1292,1910,3
2825,685,880,1188,1874,1
3572,1964,2126,2320,2253,3
1790,472,690,469,2808,2
1453,401,533,350,2216,2
2990,767,1026,1434,2526,1
1859,1704,1808,1742,1998,3
2007,1028,1232,1310,1665,3
2794,517,670,677,2320,0
1334,378,557,367,2066,2
2260,550,664,880,1338,1
1453,466,552,403,2060,2
1878,620,804,638,2598,0
1453,404,554,407,2462,2
2884,841,984,1214,1904,1
1837,1036,1268,1390,1465,3
1546,521,742,487,2662,2
1533,469,624,412,2254,2
181,375,353,306,315,4
190,493,571,408,435,4
2679,605,808,1098,1896,1
4204,2536,2934,3454,3718,3
1690,521,673,577,2408,0
1871,1078,1190,1210,1321,3
1626,518,632,440,2272,2
2849,1548,1726,1834,1837,3
1707,507,692,511,2654,2
19,252,322,149,27,4
18,242,322,156,23,4
1387,524,665,595,1728,0
19,260,340,160,25,4
2311,557,758,815,2260,1
1859,1008,1146,1308,1438,3
19,247,314,153,26,4
21,216,208,82,1,4
20,246,336,163,33,4
3255,1748,2078,2214,2244,3
2209,1004,1082,1200,1249,3
1845,1028,1194,1168,1500,3
2059,460,751,509,2894,0
2470,1074,1202,1178,1550,3
2934,621,808,1154,1966,1
1417,448,614,466,2126,2
3204,1894,2308,2552,2414,3
1988,1418,1332,1312,1797,3
1914,1050,1194,1372,1620,3
2425,743,885,1186,1682,1
2379,1660,1766,1844,2238,3
1339,522,538,641,893,1
1832,592,854,564,2907,0
1936,1003,1166,1222,1412,3
2910,1070,1344,1562,1631,3
2224,510,664,916,1671,1
1111,513,621,455,2234,2
27,202,207,80,2,4
1715,687,849,1032,1522,1
18,200,220,80,31,4
21,250,312,170,29,4
1624,407,550,402,2002,2
24,275,381,209,34,4
20,258,307,134,43,4
1538,458,630,432,2802,2
2649,871,1080,1362,1931,1
1658,504,662,506,2542,2
1714,681,824,877,1379,0
194,532,607,461,463,4
2793,627,826,1172,1976,1
27,175,216,87,1,4
19,254,344,149,25,4
1796,354,554,432,2609,0
1872,546,669,641,1942,0
1948,511,733,510,3288,2
19,260,327,158,35,4
1773,516,689,511,2932,2
1711,400,537,377,2172,2
2490,1112,1238,1320,1282,3
2041,465,714,540,2754,2
2247,523,689,786,1920,1
176,364,334,267,362,4
19,266,328,157,25,4
3255,2346,2520,2662,2931,3
1870,536,794,516,3084,2
2249,519,669,769,1856,1
1465,482,562,450,2430,2
1745,404,536,490,2210,0
26,281,282,136,65,4
24,216,223,110,60,4
1221,502,496,554,716,1
1581,458,576,441,2258,2
1863,546,678,640,1960,0
209,512,582,421,485,4
3254,908,1224,1594,2604,1
2590,1816,2010,2214,2602,3
148,258,236,184,232,4
1783,337,615,375,2923,0
28,282,380,212,38,4
1441,484,545,641,967,1
1207,434,550,350,1692,2
2383,594,772,877,2056,1
1248,512,538,413,1874,2
1453,478,653,433,2296,2
1848,1058,1152,1234,1461,3
19,247,303,158,27,4
21,221,228,105,62,4
2807,756,1070,1656,2326,1
18,246,336,147,24,4
3180,760,1080,1694,2417,1
4011,2112,2580,2930,3009,3
2566,842,974,1216,1776,1
1863,564,684,650,2037,0
1875,484,624,527,2164,2
1310,465,596,437,2230,2
1886,591,814,507,3350,0
1345,423,599,401,2358,2
1010,500,556,611,904,0
2734,548,688,899,1828,1
1666,838,912,913,1179,3
2013,1252,1518,1590,1827,3
2175,1190,1340,1540,1886,3
31,305,324,149,73,4
1478,386,544,360,2170,2
1611,604,741,627,2308,0
1196,479,542,384,1894,2
111,234,206,171,214,4
1955,828,940,979,1171,3
2494,549,752,896,2075,1
29,252,384,209,34,4
2368,1130,1396,1654,1980,3
1818,1400,1630,1754,1991,3
2297,482,646,664,2003,1
4160,2162,2482,2830,3117,3
2079,1040,1182,1278,1284,3
23,267,309,152,26,4
1754,513,651,609,2206,0
1494,775,922,792,1353,3
2202,570,683,905,1339,1
1485,521,564,669,907,1
20,226,221,92,64,4
2163,1090,1210,1382,1730,3
1793,442,568,396,2164,2
1788,580,720,518,2656,2
143,384,329,267,347,4
1374,556,570,694,917,1
2433,532,673,786,1854,1
1993,1230,1464,1704,1902,3
1332,433,576,509,2032,0
2369,1021,1128,1214,1277,3
1399,362,471,344,1978,2
2110,1126,1226,1416,1646,3
2523,571,777,948,2071,1
25,264,285,130,58,4
2883,695,957,1470,2076,1
18,237,336,156,23,4
20,242,320,159,26,4
28,232,235,109,63,4
2285,609,822,1060,1954,1
1421,412,601,388,2444,2
2735,2182,2558,2698,2743,3
1621,691,773,885,1327,0
4197,1954,2452,2952,3194,3
137,412,490,330,345,4
1802,586,724,539,3022,2
1812,584,718,700,1974,0
20,207,206,61,1,4
1875,496,700,635,2222,2
2513,548,705,972,1826,1
1664,526,683,573,2398,0
1510,426,608,438,2440,2
2147,1222,1430,1516,1582,3
195,494,604,443,456,4
2825,708,882,1224,1892,1
1933,1160,1266,1344,1632,3
85,313,372,136,49,4
2445,536,779,941,2041,1
22,227,194,98,42,4
1523,346,438,501,1168,0
2313,569,731,852,2055,1
1502,550,623,739,1089,0
1933,1040,1294,1484,1617,3
26,244,318,153,26,4
20,208,211,73,30,4
1484,532,597,419,2132,2
1009,418,548,351,1698,2
22,280,379,210,33,4
20,267,343,150,26,4
1955,576,708,726,1955,0
26,271,375,213,42,4
2050,1008,1116,1360,1550,3
1696,737,799,927,1438,0
1465,494,646,430,2534,2
1466,440,626,423,2622,2
22,189,220,86,32,4
1513,503,563,574,1272,0
23,217,190,92,50,4
2479,539,724,840,2087,1
2606,1400,1230,1244,1708,3
1790,491,700,488,2840,2
139,418,496,348,351,4
1842,836,921,961,1614,3
887,539,586,683,873,0
3365,818,1116,1636,2630,1
1649,410,551,477,2220,0
2143,1194,1360,1490,1801,3
19,235,327,157,31,4
148,258,224,177,226,4
2095,454,604,625,1840,1
1707,1444,1570,1698,1740,3
27,230,240,97,62,4
1606,398,580,373,2194,2
12,211,208,83,42,4
1727,694,881,814,1924,0
2256,512,683,883,1698,1
1652,513,653,472,2348,2
1942,565,724,683,2018,0
2769,705,894,1188,1896,1
2623,858,1028,1264,1812,1
1876,503,634,605,2097,0
1492,532,589,683,1042,1
2227,1394,1294,1382,1944,3
33,289,392,216,35,4
2417,548,808,874,2244,1
1608,562,781,531,2964,2
2908,1516,1876,2046,1851,3
160,382,347,291,288,4
1804,506,651,609,2296,0
3078,1510,1562,1610,1765,3
1606,1064,1368,1316,1614,3
1674,525,709,509,2834,2
1894,546,692,642,2036,0
18,241,321,157,24,4
20,226,336,147,27,4
1335,487,622,450,2490,2
2478,890,1198,1772,2054,1
4119,1790,2276,2622,2802,3
2512,608,786,1100,1601,1
2297,513,667,740,2164,1
1825,952,1228,1276,1333,3
2984,964,1318,1814,2442,1
2849,1554,1798,1944,1842,3
19,261,324,158,27,4
18,196,215,77,31,4
1407,442,657,498,2610,2
2711,900,1090,1400,1982,1
1880,1036,1158,1120,1661,3
1738,672,779,694,2270,0
2458,570,818,941,2102,1
2986,764,956,1336,1970,1
1969,1032,1168,1332,1634,3
1629,458,561,427,2332,2
3291,884,1230,1584,2510,1
1570,362,542,383,2338,2
1783,486,639,597,2124,0
2379,1084,1308,1360,2591,3
1168,483,586,418,2010,2
1606,1124,1274,1242,1723,3
20,272,303,121,43,4
2552,751,938,1220,1766,1
18,246,333,168,24,4
3108,720,874,1140,1709,1
2784,745,933,1220,1975,1
2062,1126,1308,1320,1396,3
256,564,545,413,552,4
1621,686,778,871,1320,0
3165,693,843,1154,1886,1
4023,819,1062,1496,2379,0
1779,932,988,1098,1289,3
32,295,374,216,33,4
2428,1164,1176,1252,1319,3
28,277,291,127,56,4
2007,1230,1400,1628,1745,3
170,255,225,154,210,4
1831,590,798,538,3065,0
1611,625,734,628,2286,0
20,230,238,108,64,4
2838,752,943,1312,2061,1
26,271,291,134,56,4
1675,760,921,950,1736,3
21,230,215,101,56,4
3181,1788,1938,2082,1877,3
3063,723,1014,1586,2392,1
1896,566,701,657,2068,0
34,302,341,160,80,4
26,283,273,137,64,4
1417,516,608,462,2414,2
4228,927,1142,1608,2512,0
151,368,335,289,296,4
20,240,327,152,32,4
16,211,205,61,10,4
20,198,213,75,31,4
20,190,197,93,22,4
2138,516,594,776,1261,1
2416,625,773,1010,1670,1
19,263,323,156,25,4
2930,780,1074,1608,2324,1
1877,873,997,1414,1846,3
2800,691,904,1226,1860,1
2397,1358,1498,1560,1667,3
96,316,365,142,51,4
1901,1316,1506,1692,1904,3
208,539,613,459,463,4
1533,507,634,502,2278,2
2663,640,804,1054,1724,1
1640,514,671,592,2222,0
2819,1166,1270,1372,1327,3
12,198,209,87,45,4
2156,881,1220,1664,1898,1
1812,591,699,672,1874,0
22,260,324,158,29,4
1955,561,721,710,1910,0
2944,623,754,961,1410,1
1570,455,616,472,2358,2
2007,867,1064,928,1391,3
1374,507,630,472,2510,2
1962,1420,1550,1718,2047,3
2088,1066,1128,1346,1594,3
2161,530,619,813,1312,1
143,374,312,272,356,4
889,502,575,651,858,0
26,248,320,158,27,4
20,246,327,157,29,4
29,277,265,118,58,4
2079,1108,1134,1222,1222,3
1491,455,625,422,2422,2
2923,725,905,1240,1816,1
2297,1382,1520,1674,2036,3
1592,474,646,461,2510,2
3173,1570,1774,2138,2306,3
1541,561,736,584,2988,2
3366,979,1316,1818,2706,1
4011,1780,2382,2780,2731,3
2189,766,976,1332,1636,1
2689,684,847,1140,1786,1
1453,422,622,424,2708,2
2941,1368,1416,1550,1575,3
1769,456,591,433,2388,2
19,241,330,157,26,4
22,202,228,78,1,4
1832,600,816,567,3002,0
1407,401,545,461,2350,0
2013,1470,1694,1874,2065,3
1631,763,774,799,1004,3
3200,1450,1390,1510,1588,3
20,246,326,145,27,4
22,259,373,209,33,4
2117,1544,1804,1824,2117,3
2238,1104,1344,1452,1851,3
19,254,318,154,27,4
28,239,247,115,61,4
1628,540,919,592,3175,0
3256,804,1162,1732,2574,1
237,516,606,440,471,4
2598,875,1068,1306,1896,1
1750,444,663,447,2820,2
299,607,688,515,477,4
2231,656,877,1188,1669,1
1454,539,617,695,1136,0
1384,471,489,550,830,1
2053,427,725,414,3350,0
25,252,292,128,59,4
21,227,201,70,2,4
1637,550,699,520,2326,2
16,231,207,74,43,4
2429,1360,1414,1436,1689,3
1245,391,516,355,2024,2
2330,595,670,932,1374,1
184,522,579,426,443,4
3593,1540,1680,1838,1762,3
2062,455,692,486,2877,0
24,227,247,97,62,4
2225,500,648,730,1932,1
2769,679,882,1194,1854,1
2281,1220,1412,1600,1671,3
20,257,321,157,26,4
3817,2078,2184,2282,2230,3
1751,571,688,781,1166,0
4069,882,1114,1576,2474,0
2944,684,828,1070,1636,1
2462,701,885,1188,1779,1
20,263,375,210,34,4
237,526,603,428,474,4
1111,472,593,412,1798,2
1926,588,617,702,1148,3
19,251,328,157,26,4
26,229,313,160,26,4
24,280,372,209,34,4
3023,766,936,1220,1892,1
2134,1150,1278,1478,1922,3
31,270,388,213,47,4
193,443,511,346,379,4
17,253,343,151,23,4
2197,1036,1364,1264,1607,3
205,470,544,421,402,4
1527,443,608,433,2442,2
2332,576,810,926,2177,1
1168,486,619,416,2098,2
175,503,584,428,452,4
28,251,277,133,72,4
1393,383,484,364,2000,2
1783,357,599,438,2443,0
19,278,304,139,43,4
1973,351,633,480,2443,0
1865,1066,984,1144,1498,3
2267,1300,1334,1380,1662,3
1498,582,684,698,1606,0
2114,505,583,747,1326,1
3216,749,942,1268,2105,1
19,254,320,158,28,4
2870,708,885,1200,1943,1
1721,637,722,674,2134,0
1658,485,681,482,2684,2
18,235,326,163,32,4
18,246,313,157,24,4
1512,619,749,661,2286,0
2334,659,835,1094,1651,1
2989,742,859,1164,1731,1
22,180,221,70,1,4
2434,575,721,1005,1490,1
367,351,321,290,338,4
1902,574,891,572,3144,0
2571,701,944,1194,2400,1
1666,452,650,435,2488,2
1466,439,666,444,2752,2
2144,528,644,826,1417,1
2838,715,918,1228,1999,1
1593,531,751,548,2790,2
1428,487,568,692,1170,1
20,267,316,158,29,4
2662,601,766,962,1693,1
2298,1322,1296,1400,1688,3
1491,440,583,406,2492,2
1445,557,621,740,1026,1
1295,413,517,588,1215,0
3062,738,1040,1642,2346,1
2685,1090,1346,1810,2240,1
31,327,331,157,75,4
8,201,215,47,1,4
1794,488,657,634,2050,0
14,183,193,88,22,4
1706,1042,1148,1288,1570,3
23,176,205,76,1,4
1472,461,664,510,2509,0
22,259,385,212,34,4
18,237,332,156,23,4
20,261,301,121,43,4
2226,1476,1616,1700,2150,3
1955,530,762,545,3046,2
2576,645,781,1050,1634,1
2270,514,674,899,1655,1
1738,590,765,558,2902,0
1845,879,905,1050,1276,3
26,254,377,209,39,4
2448,514,727,826,2077,1
1779,1026,1122,1234,1582,3
1927,1282,1300,1324,1799,3
27,223,239,97,68,4
32,294,405,210,54,4
1816,486,639,620,2014,0
1823,969,1034,1382,1612,3
22,240,327,162,36,4
2434,576,704,943,1544,1
1894,553,711,653,2096,0
1958,667,826,1018,1554,1
2215,576,679,898,1388,1
1761,486,641,466,2198,2
2989,709,825,1154,1712,1
1637,596,717,566,2666,2
1823,882,1152,1232,1438,3
1903,957,1196,1322,1607,3
1872,473,631,490,2332,2
21,208,199,75,27,4
1626,615,735,655,2248,0
1590,588,749,875,1501,0
1863,611,700,714,1917,0
20,272,377,211,34,4
2346,615,769,1050,1692,1
4389,2276,2714,3052,3277,3
18,242,331,148,22,4
2013,490,651,637,2084,0
4026,882,1086,1538,2392,0
23,295,375,209,34,4
1298,520,535,620,803,1
2891,738,881,1148,1714,1
1335,438,614,436,2334,2
15,272,312,124,47,4
1529,491,618,428,2388,2
19,239,324,165,27,4
1643,532,731,497,2806,2
2053,432,679,480,2702,0
26,240,243,94,55,4
156,377,343,274,376,4
34,279,400,216,47,4
1731,509,670,463,2448,2
4023,873,1102,1524,2410,0
2720,666,862,1154,1832,1
2406,553,742,866,2240,1
2490,1108,1162,1240,1273,3
41,178,203,84,1,4
2062,440,677,511,2705,0
2313,507,677,734,1909,1
2941,1514,1552,1712,1800,3
1958,716,841,1108,1635,1
30,227,233,101,62,4
26,283,286,137,59,4
2479,544,738,835,2134,1
177,417,520,327,357,4
1788,1252,1130,1248,1475,3
26,224,234,104,68,4
2274,539,700,756,2049,1
1544,511,679,440,2596,2
1628,511,972,659,3389,0
1678,414,559,404,2236,2
20,263,305,133,43,4
1442,523,739,537,2798,2
1847,1064,1230,1262,1566,3
2811,782,1064,1522,2232,1
329,639,788,759,696,4
1974,684,849,1000,1507,1
1974,901,1204,1544,1732,1
1644,551,675,610,2180,0
27,187,222,80,1,4
2404,545,705,800,1902,1
2162,1250,1650,1666,1974,3
2011,1080,1100,1500,1713,3
2465,577,768,882,2054,1
2231,557,646,833,1350,1
882,539,581,681,871,0
2242,729,982,1268,1774,1
2267,1470,1546,1656,1794,3
3013,759,903,1164,1809,1
1952,1212,1312,1502,1866,3
155,387,327,272,322,4
4197,2088,2802,3322,3430,3
3078,1586,1682,1902,2578,3
184,515,572,431,447,4
24,158,200,67,1,4
1728,447,598,567,1862,2
1467,428,505,554,988,0
1247,489,553,453,1966,2
23,229,229,100,69,4
14,196,192,90,22,4
3121,778,1074,1524,2438,1
2665,842,1034,1298,1916,1
1780,658,771,683,2268,0
140,390,479,346,337,4
3768,1830,2204,2618,2733,3
1294,483,635,457,2216,2
1465,524,658,438,2476,2
1949,557,691,642,2020,0
2609,662,894,1276,1936,1
1952,949,1102,1194,1538,3
1927,1090,1266,1280,1528,3
2551,536,671,883,1712,1
2191,974,1346,1318,1522,3
2366,570,734,1002,1770,1
3433,1908,2100,2278,2151,3
1459,528,650,478,2388,2
1661,417,593,435,2736,2
1710,398,562,500,2114,0
176,357,339,287,303,4
2320,653,810,1098,1608,1
16,200,214,61,8,4
1848,1122,1244,1450,1736,3
32,253,386,216,41,4
146,369,322,277,265,4
25,248,283,128,60,4
14,208,210,88,44,4
1865,1003,1198,1130,1528,3
3204,1860,2298,2480,2348,3
29,270,368,209,34,4
1910,580,706,703,1924,0
1342,355,475,570,1078,0
137,357,328,263,282,4
2352,489,648,749,1864,1
1673,412,568,515,2239,0
20,253,340,150,26,4
2003,1070,1328,1456,1625,3
2715,675,824,1118,1836,1
2339,594,716,990,1546,1
2473,716,937,1206,1708,1
2415,749,929,1158,1721,1
1552,503,727,471,2858,2
1418,458,553,397,2334,2
1837,660,797,808,2122,0
21,269,305,124,44,4
26,280,366,227,37,4
1722,1264,1434,1488,1570,3
1410,455,664,492,2944,2
1529,656,758,824,1326,0
1720,384,558,484,2150,0
19,247,337,161,25,4
2570,1340,1360,1372,1465,3
1589,439,572,421,2208,2
2769,709,896,1210,1884,1
2776,694,844,1136,1766,1
2243,1114,1268,1390,1561,3
3622,1676,2180,2338,2696,3
2269,542,705,991,1701,1
24,233,239,105,62,4
24,247,251,110,62,4
1491,401,551,417,2352,2
1398,450,592,584,1937,0
1697,491,704,519,2802,2
1750,446,692,421,3040,2
2916,822,982,1274,2014,1
1865,1116,1216,1212,1528,3
1750,430,617,452,2652,2
1845,528,695,644,2082,0
2884,853,1009,1338,2038,1
1436,433,664,459,2604,2
209,480,582,397,459,4
2445,539,719,881,1821,1
1841,515,728,530,2924,2
1855,965,1260,1142,1398,3
1964,1352,1538,1736,1968,3
1458,477,618,418,2522,2
1325,332,499,346,2092,2
2256,521,657,885,1655,1
4021,899,1062,1512,2365,0
1365,461,598,799,1195,0
1657,439,654,460,2500,2
25,243,317,157,24,4
1428,517,640,470,2564,2
1595,536,653,626,2182,0
1541,531,599,722,1006,1
2151,998,1100,1272,1318,3
863,861,841,940,1088,3
19,232,303,158,26,4
22,280,385,209,33,4
2620,641,844,1100,1889,1
23,230,248,115,61,4
2327,551,726,865,1927,1
1886,585,766,572,3199,0
2777,727,899,1248,1972,1
2116,440,753,446,3408,0
1629,407,592,444,2586,2
3254,2270,2382,2484,3113,3
2390,738,905,1176,1678,1
1544,653,712,803,1237,0
1673,432,590,538,2319,0
1901,1544,1728,1898,1964,3
3013,743,882,1164,1731,1
2420,543,734,805,2082,1
2105,1462,1706,1866,2254,3
1741,420,565,547,2145,0
148,250,221,176,225,4
1658,672,879,962,1792,3
1649,697,760,839,1346,0
27,288,388,213,43,4
1374,492,716,451,2556,2
23,253,375,211,34,4
889,523,572,675,953,0
16,203,208,85,55,4
19,251,324,155,27,4
2678,968,1332,1868,2157,1
1789,625,837,641,2598,0
26,218,219,113,61,4
21,206,198,92,51,4
1669,568,725,828,1560,0
1880,943,1054,1208,1698,3
1860,1188,1208,1418,1481,3
1643,487,708,520,2754,2
25,238,238,97,62,4
2293,542,621,827,1381,1
2461,539,753,871,2137,1
125,383,359,277,372,4
1514,482,656,412,2470,2
1606,390,523,385,1926,2
1690,532,696,597,2452,0
1393,403,529,397,1942,2
1376,548,579,681,963,1
2185,576,701,968,1449,1
3065,752,991,1208,2299,1
1691,563,709,615,2392,0
2512,602,730,1052,1521,1
1568,502,664,458,2436,2
27,232,233,110,66,4
24,260,310,158,27,4
3399,1518,1606,1708,1699,3
1450,443,665,422,2752,2
1601,529,689,587,2320,0
2794,698,977,1144,2595,0
209,501,558,423,427,4
2576,667,788,1052,1644,1
18,238,319,157,24,4
1334,348,486,329,1846,2
1902,1200,1522,1592,2071,3
2529,628,824,946,2215,1
31,316,331,149,74,4
1603,543,702,586,1898,0
1393,349,466,323,1720,2
1846,444,618,569,1986,2
1419,429,511,570,1019,0
1870,437,569,600,1976,0
1948,525,761,521,3278,2
1825,1132,1186,1268,1514,3
1931,476,578,432,2486,2
3560,853,1052,1436,2298,0
1701,727,894,902,1830,0
2297,542,706,915,1802,1
1410,386,550,373,2206,2
1345,378,517,330,1966,2
19,260,317,157,25,4
3154,2066,2210,2478,2568,3
2800,696,913,1238,1968,1
2428,600,722,1006,1531,1
1405,547,675,607,1790,0
20,254,321,147,26,4
2415,703,918,1164,1716,1
1245,384,515,347,2030,2
2243,545,647,854,1304,1
1872,440,666,422,2906,2
3195,665,899,1308,2066,1
1182,346,490,316,1642,2
20,188,158,77,1,4
27,183,214,64,1,4
19,253,305,157,26,4
2533,564,708,866,1930,1
19,259,321,157,28,4
2267,653,813,1112,1610,1
2443,886,1190,1626,1868,1
2000,597,832,532,3442,0
1731,565,794,592,3464,2
1621,406,545,392,2086,2
27,237,235,95,62,4
151,372,338,296,304,4
1787,524,681,500,2454,2
1529,678,742,777,1290,0
2474,577,774,855,2141,1
29,288,393,195,34,4
2588,817,1026,1330,1915,1
2313,466,649,695,1781,1
2476,532,705,895,1972,1
2175,1284,1472,1592,2055,3
2884,1176,1238,1190,1246,3
2144,733,954,1306,1687,1
26,278,375,213,39,4
1855,1058,1130,1392,1468,3
1597,537,688,573,2221,0
209,464,572,430,436,4
27,211,233,88,70,4
19,254,346,140,23,4
1248,497,588,436,2218,2
2640,1106,1166,1218,1339,3
1652,581,775,978,1500,0
2331,483,557,622,1144,0
4069,872,1102,1498,2420,0
1831,597,693,699,1738,0
1342,364,545,370,2160,2
1666,1298,1460,1668,1917,3
1893,571,791,531,3352,0
1597,560,686,591,2283,0
1479,517,571,691,957,1
2178,1202,1328,1540,1804,3
32,263,408,214,36,4
17,262,332,149,23,4
22,231,319,156,25,4
2031,1090,1230,1390,1995,3
2196,1476,1630,1688,2178,3
1982,613,839,517,3630,0
1649,372,556,434,2338,0
1826,960,1106,1180,1484,3
1644,550,669,612,2202,0
887,546,593,682,943,0
1763,495,635,505,2162,2
2320,734,963,1218,1672,1
1906,549,696,702,1884,0
19,257,312,158,27,4
2297,500,689,687,2144,1
2124,1004,1186,1276,1582,3
2013,507,653,637,2156,0
1502,587,688,815,1179,0
2457,747,947,1194,1685,1
19,250,336,155,31,4
2189,771,973,1306,1732,1
20,267,320,152,26,4
3264,932,1348,1816,2380,1
2420,502,726,800,2162,1
1863,547,691,629,1976,0
2358,542,731,861,1975,1
1506,502,551,631,878,1
1531,487,641,679,1526,0
26,278,382,210,40,4
32,300,381,215,46,4
2944,703,825,1074,1710,1
2332,486,669,727,1938,1
2425,738,919,1202,1692,1
1423,369,510,375,2226,2
2008,1324,1484,1518,1816,3
1325,318,447,330,1914,2
1640,536,678,616,2187,0
1895,553,682,660,2024,0
1402,510,673,919,1294,0
1451,500,612,472,2334,2
1657,439,639,442,2388,2
1101,606,688,761,1102,0
2333,589,683,926,1325,1
20,250,317,157,24,4
2161,521,613,811,1237,1
1739,637,771,685,2136,0
1337,369,462,329,1946,2
2273,666,821,1114,1628,1
1791,390,535,460,2352,0
2908,1200,1224,1302,1399,3
2934,662,825,1180,1996,1
1584,394,534,370,2222,2
1397,371,566,393,2124,2
1846,450,598,484,2200,2
1398,426,568,501,1979,0
21,210,193,56,1,4
140,398,486,333,329,4
1868,503,703,492,2744,2
1825,562,691,655,1998,0
1960,1394,1450,1366,1738,3
29,278,389,199,34,4
269,523,597,438,474,4
1593,498,625,450,2558,2
2385,1162,1194,1278,1281,3
17,241,323,156,24,4
1845,545,697,650,2022,0
19,248,333,153,24,4
2017,468,689,519,2856,2
2577,552,714,873,1874,1
1811,430,694,494,2441,0
3294,943,1336,1772,2456,1
21,232,318,151,25,4
1988,1390,1468,1438,1963,3
362,611,673,502,484,4
16,179,200,90,22,4
15,251,318,124,44,4
2380,1682,1786,1884,2177,3
2003,1124,1208,1432,1578,3
2382,600,700,940,1422,1
1656,433,582,417,2392,2
2201,502,657,664,1999,1
2883,706,966,1482,2066,1
2345,556,756,808,2147,1
26,222,246,92,66,4
21,234,320,158,26,4
34,276,393,216,35,4
24,231,317,157,25,4
30,254,245,102,61,4
1565,496,907,518,3319,0
18,242,313,148,23,4
1423,376,539,378,2370,2
34,304,344,166,83,4
1952,943,1023,1036,1356,3
1421,624,720,626,2326,0
1773,519,708,487,2786,2
34,284,378,216,40,4
1934,394,555,550,1998,0
21,232,314,158,27,4
1623,583,689,613,2271,0
2769,637,739,924,1348,1
25,248,277,128,57,4
1648,372,573,494,1564,2
28,229,247,103,61,4
19,248,334,152,24,4
1401,429,605,749,1200,0
2303,591,703,976,1487,1
2523,564,756,905,2144,1
26,216,241,100,59,4
1747,404,561,477,2316,0
110,236,204,166,222,4
2320,796,998,1274,1788,1
2128,1340,1582,1594,1930,3
1434,497,658,490,2684,2
1966,551,723,568,3068,2
18,240,326,157,32,4
20,255,314,152,31,4
2510,618,825,956,2116,1
2777,703,918,1234,2043,1
110,229,214,168,223,4
1364,381,516,355,2260,2
2503,541,732,766,2211,1
1701,741,888,897,1773,0
3254,838,1118,1472,2496,1
2494,997,1378,1888,2162,1
17,243,321,155,23,4
2156,910,1208,1666,1884,1
2655,611,796,1098,1934,1
1372,1090,1076,1212,1158,3
1421,626,709,621,2382,0
1728,416,604,415,2336,2
2752,670,863,1152,1907,1
2752,691,877,1196,1908,1
1570,585,699,530,2886,2
2345,502,700,773,2010,1
1870,422,564,566,2096,0
1407,393,518,357,1690,2
21,197,210,64,1,4
18,243,321,157,24,4
2041,480,642,528,2356,2
1394,548,588,708,1049,1
2128,612,747,744,2027,0
213,532,617,481,457,4
1631,712,712,672,1064,3
3768,1736,2342,2706,2773,3
187,543,632,459,462,4
1111,418,530,375,1522,2
33,274,370,216,39,4
976,554,588,678,893,0
1590,542,686,725,1546,0
2478,902,1218,1760,2050,1
2283,636,853,980,2156,0
2055,591,830,520,3688,0
1010,529,581,658,924,0
2552,788,1018,1338,1905,1
27,205,247,93,66,4
2425,748,926,1178,1668,1
2570,1272,1436,1456,1595,3
1207,337,415,452,942,0
25,269,321,157,26,4
3622,1692,2276,2600,2745,3
2586,1224,1322,1396,1399,3
30,315,335,158,83,4
152,375,325,267,282,4
26,211,238,86,63,4
2428,507,679,785,1974,1
1426,563,673,482,2500,2
1955,1005,1182,1388,1642,3
15,257,316,137,45,4
926,507,584,658,909,0
2095,469,621,655,1879,1
2158,559,677,862,1402,1
26,301,373,209,32,4
28,255,238,113,61,4
21,214,207,89,60,4
2062,1184,1482,1450,1576,3
2330,609,716,1003,1460,1
2247,525,689,766,1956,1
1636,1040,1168,1188,1684,3
27,239,321,157,26,4
1510,415,581,412,2298,2
19,247,333,147,26,4
1861,599,774,825,2406,0
22,204,196,83,57,4
2533,522,707,811,2035,1
1465,502,650,489,2488,2
1510,376,550,374,2186,2
284,548,556,430,552,4
26,280,363,214,39,4
2448,569,744,869,2076,1
2241,566,706,968,1721,1
151,347,349,256,333,4
3288,778,1076,1642,2596,1
1245,380,486,374,2078,2
3072,874,1260,1660,2178,1
1347,398,553,356,2402,2
2502,1094,1186,1278,1312,3
1910,541,692,675,1896,0
2461,555,760,883,2092,1
2188,489,663,709,1840,1
1436,432,498,562,991,0
1247,356,457,337,1626,2
2274,523,713,801,1992,1
1434,504,681,468,2732,2
1607,497,672,480,2496,2
1372,856,1028,1060,1186,3
3241,1844,2306,2460,2367,3
1615,422,573,440,2026,2
19,244,328,155,28,4
2312,568,728,985,1727,1
2313,476,669,749,1918,1
19,231,330,158,25,4
199,559,604,471,462,4
4204,1948,2780,3188,2932,3
163,251,223,189,222,4
2263,523,673,952,1679,1
23,219,246,108,60,4
1589,382,553,397,2504,2
2678,971,1326,1820,2134,1
2263,532,679,931,1652,1
19,268,324,158,25,4
1741,382,540,467,2120,0
1942,1170,1384,1300,1656,3
2053,409,692,410,3536,0
18,240,322,164,24,4
21,289,366,202,35,4
33,255,390,215,46,4
2819,1166,1234,1362,1354,3
1685,593,781,524,2908,2
3041,912,1188,1620,2545,1
204,530,624,477,466,4
1906,1034,1118,1232,1559,3
2243,527,618,814,1349,1
2934,630,788,1140,1944,1
2523,588,812,941,2144,1
1440,404,561,385,2230,2
28,248,301,138,73,4
2474,522,716,825,2021,1
1664,526,714,562,2416,0
19,242,327,160,23,4
2169,1086,1310,1498,1772,3
2241,585,735,968,1754,1
200,464,559,408,412,4
1531,591,729,853,1584,0
27,294,374,210,36,4
2215,573,648,854,1296,1
2156,886,1228,1656,1880,1
1380,548,630,713,1054,1
3337,1390,1986,2196,2008,3
1601,539,691,577,2325,0
208,527,601,435,465,4
1608,538,700,495,2330,2
2299,590,704,931,1408,1
2141,405,711,437,3195,0
1871,1122,1332,1568,1749,3
1718,896,985,975,1298,3
2503,546,711,807,2003,1
2035,1116,1070,1096,1172,3
1471,426,574,514,1970,0
27,230,240,102,65,4
82,297,367,135,61,4
1500,732,858,875,1682,0
2346,608,722,992,1504,1
1875,542,759,650,2622,2
3157,1378,1724,1934,2182,3
25,237,314,158,27,4
27,191,223,79,1,4
2254,1066,1120,1226,1236,3
1408,393,522,370,2232,2
204,550,603,471,460,4
19,223,327,158,41,4
2081,1312,1432,1494,1726,3
7,205,217,45,1,4
2838,705,905,1214,1999,1
2016,703,896,1124,1653,1
7,196,206,35,1,4
157,358,349,281,329,4
1676,419,581,529,2072,0
29,292,383,211,39,4
1895,604,734,708,1966,0
1364,547,571,667,1069,1
9,155,203,69,1,4
2231,670,872,1178,1704,1
2132,1130,1376,1514,1690,3
22,296,391,209,34,4
2147,1250,1300,1388,1554,3
1972,896,1178,1462,1707,1
2717,910,1116,1372,1934,1
2298,549,717,938,1720,1
2561,606,728,874,1899,1
1927,1232,1234,1486,1766,3
1783,398,565,490,2157,0
1506,523,615,466,2366,2
2663,625,777,1064,1716,1
2218,469,641,675,2051,1
2384,1814,2158,2264,2685,3
2429,1214,1182,1184,1642,3
1467,416,526,612,1063,0
2339,591,706,935,1533,1
19,254,334,157,25,4
153,390,339,271,324,4
1595,935,1100,1132,1946,3
1192,426,517,410,1848,2
17,260,323,157,25,4
19,248,333,157,24,4
21,246,311,163,26,4
1881,1306,1666,1762,2036,3
19,254,320,158,25,4
27,235,223,90,68,4
1687,432,579,413,2290,2
1479,531,557,630,858,1
1593,477,622,463,2342,2
19,253,318,154,29,4
2910,1044,1466,1682,1532,3
2476,569,760,913,2094,1
31,311,332,164,80,4
146,379,348,285,291,4
2073,1630,1740,1672,1980,3
8,189,192,90,22,4
187,562,604,467,445,4
2396,791,944,1130,1722,1
1704,319,504,374,2475,0
2628,691,897,1410,1972,1
1659,650,771,849,1124,3
4389,2014,2436,2862,3197,3
18,246,327,163,25,4
1641,630,744,689,2226,0
1393,383,555,376,2200,2
1785,533,669,520,2446,2
2202,570,693,927,1378,1
1476,477,667,494,2754,2
1713,507,630,476,2326,2
944,504,608,639,878,1
1527,424,518,384,2186,2
3286,1062,1378,1754,2676,0
1745,382,547,498,2024,0
19,254,344,157,24,4
1964,1228,1434,1576,1810,3
1590,399,532,376,2354,2
23,150,176,77,1,4
26,266,320,157,26,4
2037,857,1004,1268,1544,3
1237,344,468,318,1712,2
1533,493,618,490,2450,2
24,249,256,124,63,4
2158,576,697,952,1383,1
1741,397,552,471,2193,0
3121,841,1132,1590,2464,1
2229,917,1214,1708,1924,1
1419,464,527,587,1046,0
2079,1118,1168,1256,1267,3
1741,382,546,482,2104,0
1748,1200,1110,1120,1473,3
282,530,661,574,452,4
2544,611,828,1206,1848,1
20,234,319,158,24,4
22,208,223,86,53,4
3366,990,1380,1838,2608,1
2336,570,703,1001,1720,1
312,572,578,448,569,4
2175,740,1000,1340,1743,1
23,235,235,94,64,4
19,229,321,158,27,4
2496,789,926,1126,1804,1
34,315,347,165,83,4
143,381,344,276,343,4
19,277,328,157,24,4
16,210,224,89,42,4
4160,1998,2636,3020,2984,3
1402,476,633,825,1190,0
1868,507,703,488,2836,2
2598,1520,1750,1766,1998,3
22,225,190,84,53,4
1608,555,666,482,2480,2
1513,548,686,703,1461,0
20,275,315,157,22,4
1428,472,492,619,852,1
1498,544,573,610,1287,0
2843,1294,1478,1628,1856,3
1803,500,641,600,2044,0
4026,872,1102,1548,2386,0
1760,499,672,553,2278,0
2477,532,678,878,1688,1
2278,562,705,928,1698,1
3288,780,1084,1722,2406,1
2358,529,705,777,2130,1
1994,692,877,1072,1581,1
341,440,460,330,494,4
1387,524,653,580,1672,0
187,539,609,453,454,4
19,232,318,163,27,4
2267,1452,1526,1630,1734,3
33,284,388,216,37,4
19,203,197,77,39,4
2630,660,852,1178,1908,1
2227,1710,1824,1452,2271,3
21,214,198,95,48,4
3030,730,949,1304,2047,1
19,159,198,48,1,4
1394,534,591,677,978,1
1994,719,918,1190,1689,1
19,247,323,157,33,4
156,369,332,272,366,4
18,210,217,94,39,4
1787,550,744,579,3154,2
2332,597,719,976,1584,1
1501,528,684,470,2424,2
20,215,213,70,1,4
22,256,386,207,34,4
19,214,193,94,50,4
1784,486,645,466,2536,2
1395,466,627,549,1775,0
2561,544,705,855,1882,1
2050,952,1064,1344,1470,3
2552,721,913,1160,1712,1
2640,1068,1106,1198,1301,3
1906,591,696,713,1936,0
1723,1298,1312,1246,1776,3
1431,435,537,406,2288,2
32,277,376,214,39,4
2390,737,913,1156,1654,1
986,543,609,710,955,0
1434,501,572,442,2172,2
211,533,595,409,456,4
19,239,330,163,27,4
1621,506,639,641,2132,0
1748,705,773,837,1037,3
1658,484,636,481,2566,2
1841,517,670,476,2728,2
1544,577,702,495,3028,2
1221,475,506,547,719,1
176,358,346,289,290,4
1413,581,732,858,1367,1
2287,1098,1234,1322,1515,3
1793,645,742,679,2156,0
22,206,197,77,53,4
1541,469,712,419,2556,2
2132,1034,1160,1306,1655,3
1418,412,575,401,2326,2
1993,1098,1220,1356,1594,3
1902,596,856,543,3283,0
19,241,343,156,25,4
21,228,326,157,25,4
1725,382,562,502,2200,0
1451,614,718,648,2283,0
2789,604,771,1112,1892,1
2176,576,808,844,2284,1
1420,448,491,553,980,0
1345,411,566,404,2424,2
27,225,239,108,69,4
2425,577,742,846,2149,1
1477,639,776,683,2462,0
23,261,322,159,26,4
40,198,221,85,1,4
2298,550,718,957,1666,1
2366,608,753,1021,1818,1
137,381,326,270,281,4
1864,644,822,573,3240,2
34,299,344,166,82,4
1784,538,743,513,3118,2
2902,737,962,1232,2657,0
1142,456,474,508,685,1
2922,810,986,1298,1970,1
4023,827,1044,1476,2322,0
2270,520,764,735,2218,1
40,183,203,81,1,4
1785,530,724,525,2874,2
312,560,539,426,513,4
1656,458,668,466,2552,2
3017,642,805,1150,1962,1
2298,722,968,1296,1799,1
1967,1292,1272,1312,1712,3
18,262,326,155,30,4
233,374,358,286,318,4
19,248,334,157,26,4
2224,1454,1450,1482,1747,3
1572,500,577,579,1384,0
1881,1426,1538,1650,1814,3
127,246,199,165,228,4
3154,2496,2878,3146,3217,3
1750,473,671,502,2730,2
1397,531,643,510,2348,2
25,277,291,127,66,4
1364,348,501,335,2002,2
2147,466,652,672,2010,1
24,275,379,209,34,4
1952,1292,1576,1656,1881,3
2474,504,680,763,1920,1
1454,612,716,637,2232,0
2312,555,722,982,1753,1
3376,804,1120,1572,2630,1
1100,624,692,786,1110,0
2333,617,758,1032,1608,1
1802,556,719,478,2962,2
1881,1584,1638,2014,2114,3
2022,1360,1638,1732,2115,3
20,238,243,95,64,4
2224,532,644,819,1413,1
1467,393,518,588,1086,0
2366,594,713,986,1546,1
2261,1078,1128,1266,1239,3
175,504,588,413,463,4
152,364,350,275,303,4
2273,573,717,944,1462,1
1606,379,520,369,1996,2
1629,447,643,512,2608,2
1294,569,651,507,2524,2
1423,375,481,341,2100,2
1343,366,522,335,2070,2
1750,399,592,397,2640,2
1491,443,525,408,2116,2
8,196,197,90,21,4
2675,975,1298,1870,2220,1
1732,1028,1088,1152,1201,3
181,467,548,382,408,4
882,546,582,666,913,0
2428,1164,1182,1240,1323,3
2847,1494,1726,1902,2101,3
240,547,608,471,462,4
25,231,320,157,25,4
3294,892,1166,1526,2442,1
1928,627,904,584,3134,0
1603,480,550,412,2106,2
127,248,206,177,225,4
2689,711,876,1160,1816,1
26,287,334,159,74,4
3157,1304,1498,1592,1569,3
3181,1932,2176,2266,2180,3
19,238,319,157,29,4
1244,540,640,488,2510,2
1385,555,672,487,2208,2
1855,888,1004,1084,1125,3
29,280,366,210,37,4
17,253,327,156,23,4
199,538,607,465,465,4
2518,599,836,962,2214,1
2118,1202,1392,1562,1602,3
2450,619,777,1064,1876,1
26,225,226,109,53,4
19,266,336,135,44,4
2923,749,935,1240,1951,1
2548,640,838,1194,1859,1
2201,478,645,694,1867,1
1722,811,1066,1260,1433,3
1836,1128,1266,1568,1936,3
25,270,270,132,58,4
2519,597,847,1012,2122,1
1693,382,547,482,2172,0
1901,1506,1584,1690,1892,3
17,247,320,157,23,4
176,360,339,283,300,4
1846,480,605,566,2288,2
1196,513,628,415,2084,2
2224,527,678,912,1663,1
3138,822,1080,1456,2596,1
26,252,380,215,44,4
2358,562,736,813,1964,1
2006,808,855,1068,1256,3
2422,617,744,1021,1518,1
1421,383,519,365,2216,2
2576,652,788,1080,1674,1
19,269,330,130,50,4
2811,760,1038,1516,2192,1
3228,811,1098,1692,2522,1
1778,1080,1270,1172,1532,3
1544,507,641,405,2432,2
155,383,338,277,331,4
1854,441,631,420,2430,2
1685,378,541,432,2217,0
2147,1410,1474,1636,1838,3
1938,556,690,696,1926,0
2918,1646,1968,2088,2385,3
1666,481,672,484,2830,2
1440,510,625,446,2314,2
1608,549,739,516,2684,2
2726,755,961,1212,2470,1
1733,401,580,529,2160,0
1720,378,552,467,2200,0
1397,460,610,479,2424,2
199,539,617,477,456,4
1168,471,560,373,1854,2
3560,882,1104,1512,2352,0
2320,760,969,1246,1710,1
1428,496,577,408,2096,2
3138,799,1144,1628,2656,1
1859,979,1118,1210,1400,3
1101,600,667,744,1066,0
1880,1222,1390,1500,1819,3
2063,717,973,1328,1625,1
1533,474,691,500,2714,2
1957,1200,1394,1268,1586,3
19,239,343,163,25,4
1770,390,565,522,1954,0
2311,546,816,808,2403,1
110,245,206,171,225,4
1142,456,482,533,719,1
22,211,218,78,39,4
1470,406,608,422,2140,2
29,265,379,213,33,4
2445,510,711,786,2088,1
2096,1474,1208,1140,2185,3
19,146,192,76,1,4
1667,991,1072,1136,1572,3
18,221,211,82,47,4
2918,831,998,1282,1981,1
2247,512,700,792,1869,1
1811,562,762,522,2884,2
2392,678,852,1162,1730,1
3376,816,1132,1716,2644,1
111,230,222,167,198,4
732,789,751,745,843,3
18,237,323,155,33,4
27,271,370,218,33,4
2838,725,897,1240,2018,1
307,536,589,430,494,4
16,200,193,97,53,4
1694,988,1094,1130,1566,3
16,259,312,136,46,4
2920,763,1054,1478,2476,1
2312,552,706,951,1746,1
17,240,317,154,23,4
1445,545,586,711,985,1
1527,458,590,421,2464,2
12,157,193,75,1,4
1563,529,709,579,2389,0
1529,544,664,495,2822,2
19,267,312,124,48,4
1934,558,686,667,2046,0
1644,570,687,721,2342,0
2165,570,691,902,1436,1
882,533,565,656,884,0
1696,731,808,929,1472,0
2369,926,987,1208,1224,3
233,386,351,288,307,4
2428,1248,1578,1588,2130,3
1718,1032,1156,1134,1389,3
2273,690,871,1140,1651,1
2333,602,741,993,1503,1
17,237,304,151,23,4
25,259,319,157,25,4
2020,828,982,951,1241,3
1940,1154,1252,1502,2173,3
23,248,312,158,27,4
1692,742,827,776,1049,3
1612,544,672,579,2261,0
1907,1114,1390,1344,1687,3
23,241,319,156,26,4
1467,444,509,565,1015,0
3076,2380,2830,3074,3097,3
1484,470,603,465,2402,2
1644,536,702,604,1952,0
1886,572,796,528,3482,0
1628,481,935,500,3621,0
31,298,339,160,82,4
1703,491,686,474,2618,2
1697,434,585,447,2108,2
2448,499,666,748,2144,1
1713,463,632,437,2220,2
1541,528,585,659,937,1
1952,1132,1268,1470,1662,3
98,326,377,134,61,4
2818,717,868,1172,1939,1
16,263,326,129,44,4
28,244,280,140,67,4
2380,1912,2116,2236,2595,3
2289,607,792,1056,1838,1
1100,615,688,764,1140,0
3076,2636,2964,3226,3262,3
1681,416,570,507,2112,0
135,382,340,279,326,4
26,280,284,130,65,4
20,268,315,159,25,4
21,216,200,87,57,4
1727,698,873,824,1865,0
2779,1400,1408,1626,1693,3
2241,539,726,943,1730,1
23,215,205,67,1,4
34,295,395,216,31,4
1476,408,584,414,2144,2
2291,1428,1646,1788,2154,3
18,251,338,149,22,4
18,253,335,153,30,4
1244,492,616,440,2204,2
2852,638,829,1158,2077,1
19,247,312,156,29,4
1546,487,658,465,2476,2
3200,1908,2212,2304,2115,3
2165,565,722,918,1417,1
2800,750,891,1228,1980,1
2339,592,853,934,2221,1
2369,969,1052,1226,1267,3
1798,479,650,459,2850,2
1877,513,720,687,2337,0
15,227,208,77,48,4
4197,1920,2540,2986,3119,3
1718,1206,1444,1390,1782,3
26,267,272,133,61,4
2045,484,560,633,1080,0
1399,479,572,450,2250,2
1906,814,1056,1116,1303,3
944,520,681,750,961,1
4160,2134,2406,2778,3207,3
2533,751,941,1252,1842,1
1408,386,550,406,2510,2
29,292,384,221,39,4
20,223,198,96,52,4
27,197,198,73,1,4
2412,589,712,804,1860,1
1418,424,537,363,2076,2
20,262,318,157,28,4
1401,436,585,761,1202,0
228,302,254,202,282,4
1436,451,491,557,968,0
2330,571,670,927,1377,1
2330,614,719,959,1598,1
1758,509,699,491,2792,2
1851,557,702,674,2070,0
1508,648,731,728,1500,0
2001,836,952,1136,1686,3
1814,551,692,680,1937,0
3016,779,1030,1324,2388,1
26,226,242,114,63,4
148,250,218,163,224,4
2406,584,777,900,2206,1
1535,373,525,353,2168,2
1704,1148,1160,1112,1620,3
2433,536,685,846,1937,1
329,619,793,735,650,4
1780,406,552,530,1978,0
2789,630,749,1116,1898,1
2891,730,867,1172,1730,1
1949,558,680,668,1954,0
3260,838,1152,1730,2652,1
3025,789,1100,1634,2400,1
1969,1024,1192,1300,1587,3
26,305,385,209,40,4
1674,505,681,473,2842,2
1711,471,693,527,2608,2
27,272,375,207,31,4
2640,974,1072,1204,1247,3
21,252,319,159,30,4
1896,568,687,646,2070,0
1570,522,647,473,2308,2
1337,351,532,393,2248,2
18,213,207,87,38,4
19,263,313,157,26,4
24,243,315,157,25,4
1335,435,592,436,2028,2
32,288,368,219,45,4
19,267,323,157,26,4
193,539,602,471,442,4
1676,382,518,471,2088,0
1836,319,666,325,3398,0
1693,484,660,458,2630,2
2973,859,1058,1330,2071,1
2296,1368,1690,2002,2299,3
1221,462,501,552,796,1
1420,463,623,424,2622,2
1621,978,1154,1470,2067,3
18,237,331,161,28,4
1948,479,739,524,3024,2
19,236,332,158,24,4
2232,1332,1462,1472,1623,3
2041,436,732,605,2414,2
1467,656,775,861,1228,0
22,265,389,207,34,4
1693,493,681,469,2568,2
1546,529,724,510,2558,2
152,383,321,269,301,4
1484,483,609,398,2220,2
2901,797,968,1238,1804,1
1893,576,784,536,3198,0
3165,735,910,1204,1896,1
1402,486,695,472,2532,2
16,234,203,64,8,4
1347,405,521,369,2170,2
1568,507,656,436,2462,2
2494,573,784,931,2042,1
1864,589,761,587,2962,2
2118,1124,1268,1478,1986,3
1565,514,935,495,3591,0
1262,465,603,440,1914,2
20,224,243,91,69,4
1955,1116,1182,1332,1614,3
29,226,228,109,67,4
1719,1314,1404,1606,2067,3
23,225,189,94,59,4
1420,387,600,419,2408,2
3157,1114,1342,1574,1852,3
1505,495,582,448,2194,2
21,211,194,89,35,4
3062,750,1060,1610,2432,1
1498,548,604,642,1328,0
3182,772,1084,1650,2484,1
1706,1094,1280,1380,1582,3
1626,612,739,651,2286,0
2169,1005,1150,1282,1549,3
1761,525,628,502,2390,2
1711,475,682,511,2332,2
1599,409,549,646,1154,0
1711,467,634,464,2336,2
2944,728,865,1150,1827,1
1875,515,687,541,2400,2
2838,676,883,1156,1938,1
3260,796,1116,1736,2463,1
2833,981,1354,1896,2269,1
2073,1224,1244,1356,1882,3
2559,1782,1896,1810,1965,3
1405,518,666,601,1738,0
1385,531,660,480,1796,2
2331,462,526,615,1104,0
18,253,314,155,24,4
2059,456,724,478,2921,0
2735,1874,2164,2410,2489,3
1826,882,935,997,1554,3
1805,494,631,615,2119,0
2678,981,1334,1878,2198,1
2413,662,841,1124,1664,1
42,192,204,83,1,4
2771,733,896,1242,1936,1
1706,1068,1200,1380,1642,3
1903,1306,1694,1670,2026,3
19,247,334,161,27,4
2297,578,741,949,1827,1
1653,400,577,469,2274,0
1348,516,580,684,937,1
1707,842,962,976,1331,3
2352,559,741,876,2090,1
1901,581,721,727,1950,0
127,244,217,164,211,4
1870,489,667,478,2762,2
2189,754,980,1302,1555,1
25,221,240,87,60,4
1728,455,529,434,1900,2
20,227,334,153,25,4
1743,628,756,684,2160,0
1552,447,603,431,2566,2
2224,550,673,908,1352,1
26,238,240,94,54,4
274,205,296,173,238,4
2698,698,928,1422,1987,1
18,218,223,94,38,4
19,238,326,157,24,4
19,243,308,156,25,4
17,259,327,156,24,4
1687,407,580,427,1844,2
1437,460,591,589,1461,0
18,249,325,156,23,4
2116,451,774,379,3929,0
147,257,210,171,226,4
2519,545,755,878,2084,1
24,252,314,157,28,4
180,542,605,476,468,4
26,276,294,134,66,4
1771,996,1144,1154,1826,3
204,548,610,462,465,4
2037,1126,1404,1714,2060,3
1846,439,574,435,2034,2
2784,680,877,1182,1938,1
2062,432,751,409,3500,0
1428,521,597,722,1252,1
18,237,332,153,28,4
33,247,280,138,66,4
1563,544,706,568,2351,0
1710,416,552,510,2119,0
1869,1166,1208,1454,1610,3
1835,587,791,556,2950,0
1399,472,597,406,2292,2
312,575,559,415,539,4
1602,551,687,603,2220,0
22,183,220,86,27,4
3182,749,1058,1622,2462,1
1775,596,872,575,2808,0
1544,615,695,781,1184,0
1874,624,779,675,2084,0
2151,1248,1432,1416,1523,3
1607,575,820,581,3328,2
2053,415,797,349,4062,0
2327,552,760,894,2055,1
1417,498,654,459,2486,2
1783,485,633,605,2185,0
2222,1266,1376,1650,1990,3
1701,731,915,893,1826,0
24,241,308,157,24,4
2081,1226,1410,1406,1572,3
213,553,595,472,450,4
237,539,590,418,471,4
2400,571,711,907,1725,1
3365,803,1126,1656,2604,1
19,239,333,148,26,4
15,196,178,88,23,4
1732,862,872,918,1040,3
2340,545,736,852,2189,1
20,205,206,90,51,4
2022,1021,1144,1272,1583,3
1609,570,759,534,2762,2
1711,408,593,439,2542,2
7,162,215,34,1,4
2800,682,865,1150,1864,1
1854,519,775,536,3328,2
1343,351,498,351,1930,2
2144,673,891,1242,1680,1
1666,580,794,1038,1573,0
3063,760,1080,1760,2388,1
3121,759,1082,1542,2330,1
1464,480,633,844,1216,0
2428,1206,1360,1498,2167,3
1675,933,1022,1044,1624,3
3264,1058,1434,1932,2719,1
1788,1088,1174,1266,1482,3
1793,542,663,597,1918,0
21,201,211,61,3,4
19,240,325,155,21,4
2494,996,1292,1856,2175,1
2681,889,1086,1382,1891,1
2249,521,700,728,1980,1
2440,545,752,874,2144,1
2340,472,644,739,1857,1
2166,712,967,1278,1638,1
4023,854,1052,1498,2376,0
1776,476,694,461,2790,2
15,191,187,81,24,4
1969,485,639,644,2042,0
153,373,354,276,363,4
2747,662,855,1206,1966,1
2144,703,921,1238,1676,1
1439,424,537,666,1145,0
2349,584,828,855,2294,1
2513,590,814,985,2065,1
1872,564,669,659,1960,0
2914,810,1118,1638,2398,1
2800,736,924,1240,1991,1
1713,496,669,473,2452,2
19,202,194,94,47,4
38,189,216,74,1,4
19,214,246,90,63,4
1701,484,684,507,2778,2
2843,1138,1462,1578,1692,3
2095,1140,1306,1394,1782,3
1480,492,608,458,2332,2
2390,758,993,1270,1790,1
1832,634,775,661,2142,0
2902,473,700,692,2350,0
2936,694,902,1222,1974,1
1855,1134,1312,1450,1562,3
3593,2068,2322,2410,2254,3
26,251,285,133,64,4
1505,475,571,430,2008,2
1697,466,622,452,2180,2
1492,487,524,631,880,1
3817,1710,1926,2046,1901,3
1214,693,905,781,1481,3
1832,1210,1354,1404,1529,3
2470,1146,1164,1252,1486,3
2852,653,850,1188,2084,1
1503,500,661,634,1710,0
2117,1624,1812,1780,2046,3
2249,551,855,847,2332,1
1597,568,713,591,2303,0
1931,493,689,481,3056,2
2340,488,692,789,2082,1
1793,490,618,547,1888,2
17,253,333,156,24,4
2260,556,659,905,1318,1
1262,504,571,453,2094,2
21,249,324,158,25,4
21,241,319,157,25,4
25,210,211,100,69,4
140,422,488,335,339,4
2118,1334,1448,1638,1806,3
1616,846,1013,1042,1564,3
2490,1130,1188,1286,1286,3
1434,521,601,424,2098,2
1758,1272,1250,1340,1710,3
2127,431,549,682,1257,0
26,222,224,114,58,4
1820,497,626,636,2060,0
2892,637,811,1122,1899,1
2059,448,764,486,3194,0
1694,836,1036,961,1606,3
1397,401,561,384,2370,2
1825,562,669,637,2010,0
20,185,196,90,22,4
1811,512,708,497,2468,2
18,160,185,78,1,4
1756,656,745,686,2140,0
2711,863,1084,1398,1964,1
2689,634,796,1094,1736,1
27,245,243,112,74,4
2523,561,786,913,2183,1
29,287,384,207,38,4
2133,1454,1696,1712,2306,3
2473,710,932,1188,1720,1
1403,469,628,441,2494,2
1248,482,608,411,1926,2
26,269,290,137,56,4
18,265,313,157,33,4
1395,429,571,389,1816,2
2381,1366,1428,1484,1980,3
21,268,368,202,34,4
18,227,201,76,39,4
1704,957,868,925,1371,3
1779,923,956,985,1283,3
1384,518,588,703,1099,1
19,229,318,155,27,4
2356,542,733,809,2093,1
2025,1592,1670,1890,1997,3
2242,698,915,1212,1693,1
1676,374,527,448,2198,0
7,195,218,50,1,4
2000,592,827,542,3651,0
2249,645,796,1062,1611,1
1343,352,492,339,2124,2
2095,1608,1682,1704,1863,3
2175,744,978,1326,1668,1
31,318,334,154,77,4
110,236,206,161,222,4
1451,487,669,544,2558,2
2298,561,702,935,1722,1
1539,454,593,472,2448,2
2984,913,1272,1716,2252,1
26,250,240,109,64,4
1661,436,526,377,2056,2
1706,1186,1260,1390,1554,3
2086,1274,1378,1698,1989,3
21,209,207,95,60,4
2185,517,627,825,1278,1
26,298,365,209,31,4
32,277,384,217,44,4
2480,1080,1100,1190,1260,3
2209,959,1048,1168,1183,3
35,300,335,157,74,4
1961,498,678,455,2900,2
2986,751,920,1224,1798,1
1623,562,713,606,2315,0
1372,468,515,564,814,1
2095,954,1078,1276,1569,3
2482,580,802,884,2366,1
2118,909,1034,1290,1743,3
1952,1202,1214,1318,1584,3
1845,1172,1486,1402,1864,3
2477,561,711,940,1694,1
3174,2018,2022,2110,2120,3
2990,763,985,1316,2440,1
1514,474,625,422,2234,2
2445,529,710,849,2002,1
2698,875,1098,1388,1960,1
1790,452,664,444,2588,2
1492,481,568,648,1097,1
2000,579,814,527,3496,0
156,409,332,292,318,4
2073,1664,1690,1770,2387,3
1489,458,633,458,2382,2
1367,512,582,670,915,1
2477,542,711,971,1663,1
18,233,332,156,29,4
1552,470,603,431,2212,2
20,234,314,163,25,4
2439,569,722,894,1929,1
18,230,332,155,22,4
2936,722,899,1260,2070,1
1401,448,606,786,1232,0
1489,417,615,448,2542,2
1410,367,514,375,1982,2
2606,1498,1388,1476,1728,3
2901,783,938,1232,1779,1
1592,454,684,471,2718,2
1247,350,462,318,1892,2
3260,844,1204,1714,2702,1
156,386,349,283,313,4
1720,380,568,485,2230,0
1687,433,629,447,2100,2
2147,513,680,723,2059,1
1472,454,661,571,2307,0
1563,547,677,583,2127,0
3180,765,1086,1548,2539,1
1498,304,513,419,1990,0
2412,576,716,768,2101,1
1693,493,688,464,2724,2
25,226,238,99,63,4
19,252,325,162,23,4
22,195,227,79,1,4
1391,430,568,381,2330,2
17,245,312,159,27,4
1676,382,529,446,2265,0
1923,337,654,387,3197,0
29,263,269,123,64,4
2755,801,1078,1432,2040,1
1428,455,598,430,2358,2
25,245,245,105,65,4
2379,1504,1750,1826,2193,3
26,252,375,201,39,4
1893,568,789,521,3295,0
1541,527,607,465,2512,2
33,267,384,216,40,4
125,383,353,274,373,4
1310,503,644,492,2640,2
1864,544,729,509,2564,2
26,217,230,109,69,4
2379,1620,1926,2002,2316,3
2215,543,630,897,1338,1
30,203,220,72,36,4
1615,469,607,458,2072,2
1467,375,513,588,1016,0
40,168,216,90,1,4
2743,634,806,1134,1882,1
208,520,596,439,483,4
1993,425,776,419,3573,0
156,375,342,272,391,4
2269,515,698,984,1694,1
25,162,201,78,1,4
1872,424,646,453,2566,2
25,223,216,83,43,4
2374,1122,1208,1288,1340,3
1685,532,720,519,2456,2
2229,905,1190,1644,1887,1
2922,833,1013,1310,1991,1
2366,595,723,993,1540,1
3337,1448,1910,2196,2163,3
1666,1376,1604,1632,1803,3
2811,694,907,1308,2036,1
1903,1258,1384,1712,1816,3
1793,543,678,511,2766,2
1472,454,618,528,2028,0
1832,953,1198,1290,2044,3
1689,496,645,529,2166,0
1974,760,974,1254,1736,1
2337,566,724,961,1770,1
17,217,325,147,23,4
2158,566,673,877,1378,1
1178,512,608,427,2220,2
19,227,337,155,28,4
1602,527,655,585,2242,0
1713,480,651,489,2264,2
2013,520,671,713,2084,0
1440,470,564,409,2248,2
1431,382,536,382,2170,2
3094,1344,1792,2032,2088,3
2531,645,774,1021,1548,1
2486,858,1184,1722,2042,1
1517,617,705,682,1686,0
195,513,604,445,464,4
1785,552,677,557,2668,2
2518,587,857,938,2328,1
10,190,207,52,1,4
1667,862,991,1146,1192,3
3149,867,1158,1484,2514,1
341,419,449,318,459,4
16,256,319,128,45,4
1793,512,659,486,2494,2
211,492,581,422,449,4
2311,619,891,897,2520,1
20,255,334,148,26,4
1777,445,731,460,2906,0
2475,891,1198,1622,1830,1
1864,485,684,642,2207,0
1837,630,786,827,2300,0
1833,623,864,597,2574,0
1506,578,679,694,1650,0
2232,710,952,1328,1727,1
3572,1494,1744,1836,1783,3
24,254,319,158,26,4
193,447,503,346,354,4
1556,476,668,487,2576,2
142,366,336,274,354,4
2330,601,728,986,1580,1
25,239,324,158,27,4
2477,602,761,1074,1832,1
2185,570,709,929,1475,1
1869,1292,1410,1466,1706,3
23,272,312,157,26,4
1485,543,626,810,1117,1
2662,631,830,1116,1844,1
26,288,376,194,41,4
2849,1192,1218,1312,1433,3
27,280,282,137,63,4
16,210,214,64,5,4
1780,592,700,744,1438,0
1615,541,661,576,2212,0
3365,818,1124,1716,2624,1
26,227,230,100,61,4
2422,558,685,913,1389,1
1863,547,698,642,2076,0
1463,348,541,350,2388,2
1501,502,631,441,2154,2
1410,374,588,375,2226,2
2947,793,1118,1564,2486,1
3337,2380,2626,2778,2884,3
19,227,212,74,44,4
1478,354,530,406,2266,2
1393,441,613,401,2288,2
1624,488,601,443,2306,2
13,211,206,92,22,4
30,227,243,95,61,4
2134,1392,1618,1748,2022,3
1787,501,735,519,2842,2
2421,536,758,849,2176,1
1676,403,569,525,2135,0
1514,447,645,446,2404,2
1571,464,653,462,2706,2
2930,719,1021,1554,2216,1
1178,546,615,744,1014,1
32,288,393,216,38,4
237,540,597,429,461,4
1988,1140,1200,1202,1553,3
2425,735,934,1194,1716,1
1865,984,1086,1222,1570,3
2053,422,702,476,3226,0
1791,448,614,554,2580,0
732,775,738,807,912,3
3399,1942,2258,2360,2188,3
1836,306,645,355,3182,0
27,227,250,99,62,4
2510,601,800,933,2148,1
26,227,238,96,66,4
2268,1510,1582,1654,1760,3
18,259,325,162,31,4
1397,501,602,424,2454,2
2811,670,906,1310,2040,1
23,165,203,76,1,4
19,235,225,104,68,4
26,217,233,104,72,4
184,490,571,405,442,4
256,548,553,418,522,4
2273,555,665,877,1440,1
2478,530,712,791,2124,1
889,533,577,666,924,0
2231,545,642,846,1293,1
1364,354,530,346,1956,2
2428,570,694,959,1425,1
21,212,201,95,59,4
2285,607,801,1054,1905,1
2143,1058,1208,1252,1571,3
19,251,337,157,26,4
3192,2156,2410,2430,2472,3
19,222,324,159,27,4
18,209,200,82,44,4
2679,857,1062,1290,1918,1
863,757,819,1002,1107,3
26,278,374,217,40,4
1182,357,433,301,1552,2
3091,758,929,1240,1915,1
3198,813,984,1332,2158,1
1439,454,602,708,1289,0
2561,569,711,837,1864,1
1908,1290,1514,1500,1763,3
21,242,320,158,27,4
1514,676,772,844,1314,0
2723,926,1100,1382,1964,1
1864,535,756,495,2740,2
2224,541,631,899,1332,1
24,248,323,157,30,4
2588,800,993,1334,1854,1
1403,469,632,435,2706,2
3204,2272,2460,2742,2851,3
18,216,212,88,40,4
1247,467,602,475,2056,2
190,464,576,403,430,4
2551,552,678,857,1734,1
2249,512,686,738,1844,1
2059,436,755,438,3440,0
3922,858,1094,1538,2371,0
1398,464,651,560,1907,0
2769,655,744,1006,1505,1
1372,531,579,720,1027,1
2769,723,912,1228,1944,1
1757,546,710,615,2346,0
3062,760,1062,1588,2344,1
27,247,283,130,61,4
2570,1482,1672,1732,1840,3
1407,420,530,408,2020,2
1710,394,552,522,2136,0
27,258,285,131,56,4
2232,740,967,1272,1743,1
1837,1046,1150,1282,1459,3
2401,571,708,970,1440,1
2232,724,949,1268,1701,1
1442,351,444,492,1216,0
1823,808,984,1032,1470,3
4011,1852,2544,2876,2866,3
2439,570,777,933,1997,1
2902,490,680,698,2330,0
1901,537,666,683,1932,0
1552,422,586,415,2440,2
1952,1422,1652,1522,2008,3
3952,824,1026,1490,2321,0
22,278,368,211,35,4
2440,1200,1280,1386,1396,3
2360,672,828,1128,1666,1
28,209,204,86,58,4
28,274,375,210,36,4
1926,1342,1390,1488,1829,3
1969,496,639,644,2053,0
2417,566,784,904,2176,1
1945,963,1160,1328,2026,3
23,288,366,209,34,4
20,252,327,163,25,4
2416,633,807,1082,1772,1
2930,772,1088,1666,2402,1
23,182,219,76,1,4
20,160,166,78,1,4
2623,894,1082,1374,1897,1
2486,884,1226,1722,1964,1
1529,618,715,724,1635,0
2349,561,814,830,2316,1
34,187,223,89,2,4
1817,397,552,507,1970,0
926,489,527,592,844,0
2494,612,806,965,2106,1
2247,513,702,766,1968,1
1464,485,630,848,1262,0
2249,513,717,783,2025,1
2225,465,614,709,1813,1
3593,2114,2310,2452,2281,3
2591,657,905,1266,1900,1
24,206,220,97,62,4
18,258,333,152,30,4
1723,717,810,882,1222,3
2268,1288,1394,1472,1889,3
2086,1400,1738,1692,2006,3
2366,594,724,967,1559,1
3192,2504,2850,3152,3239,3
1777,434,677,445,2648,0
2314,541,713,965,1678,1
2440,601,822,929,2138,1
1125,602,684,770,1094,0
25,235,314,165,26,4
1441,459,495,595,866,1
890,507,554,622,866,0
2138,509,603,769,1387,1
2298,542,698,942,1670,1
1589,382,525,335,2418,2
2079,628,955,592,3474,0
3560,728,946,1172,1979,0
2496,860,1010,1278,1888,1
24,226,239,108,63,4
2249,576,853,883,2414,1
2327,453,644,722,1683,1
1902,554,697,660,1928,0
1372,528,587,684,936,1
20,238,323,150,30,4
2433,641,823,983,2053,1
3768,1632,2088,2446,2534,3
1463,325,470,298,1904,2
21,247,314,163,30,4
3174,1296,1484,1648,1515,3
1738,675,785,692,2172,0
3008,783,1078,1576,2484,1
2735,2210,2442,2652,2727,3
1854,484,699,487,2952,2
3078,1550,1712,1802,1966,3
33,284,375,215,47,4
1339,487,508,595,820,1
2849,1172,1210,1328,1407,3
1780,601,729,691,1943,0
1649,426,565,494,2280,0
1940,597,707,703,1996,0
20,253,327,158,31,4
19,244,322,158,26,4
3180,750,1062,1550,2460,1
1507,568,662,784,1147,1
16,210,214,64,1,4
2133,1462,1570,1626,2030,3
2031,972,1052,1134,1802,3
23,242,322,158,27,4
2531,656,786,1086,1658,1
137,403,475,320,344,4
2096,1488,1112,1036,1816,3
2144,545,621,854,1412,1
2510,570,771,908,2041,1
1566,487,605,434,2328,2
1407,374,533,470,2266,0
2152,529,673,750,1920,1
1535,393,570,422,2410,2
2711,857,1030,1272,1942,1
4024,869,1126,1516,2841,0
2794,731,957,1170,2185,1
22,247,325,165,30,4
1649,682,780,872,1394,0
1885,498,708,521,3254,2
1441,390,625,401,2280,2
2360,1130,1372,1508,1732,3
1417,332,535,355,2322,2
1593,516,695,479,2918,2
23,232,188,98,44,4
2723,869,1066,1368,1906,1
1387,989,1108,1150,1786,3
1847,1140,1236,1262,1594,3
1902,603,827,557,3138,0
2225,516,702,788,1992,1
2513,631,846,1042,2011,1
926,500,546,590,853,0
2185,558,628,868,1353,1
1962,1394,1620,1714,1887,3
2301,739,980,1346,1792,1
1616,908,1030,1246,1918,3
1364,383,583,393,2400,2
1796,445,644,458,2734,2
2422,609,741,982,1480,1
2726,700,916,1080,2386,1
4204,1942,2624,2938,2698,3
1450,409,591,409,2388,2
2598,1504,1638,1692,1732,3
31,285,395,214,40,4
3180,788,1062,1450,2534,1
29,292,368,207,38,4
20,211,227,108,71,4
3092,803,996,1346,2161,1
3254,951,1296,1742,2570,1
1612,544,679,575,2359,0
3288,771,1090,1650,2554,1
26,254,324,158,27,4
2273,569,719,951,1459,1
2777,708,882,1224,1986,1
1697,460,652,518,2510,2
2393,581,730,1036,1632,1
1381,425,589,410,2562,2
207,533,593,437,469,4
2424,721,937,1278,1810,1
1860,438,748,494,2774,2
1825,585,669,660,2054,0
1958,729,913,1124,1638,1
2523,582,788,875,2252,1
18,216,220,90,31,4
1635,633,720,771,1206,0
19,263,327,158,31,4
1701,496,727,477,3062,2
19,226,249,102,61,4
2829,1116,1364,1516,1597,3
3092,789,979,1338,2148,1
2378,744,958,1300,1765,1
17,245,325,151,23,4
2404,570,709,788,1732,1
1492,407,529,543,1697,0
1837,1276,1268,1382,1784,3
2512,606,828,997,2086,1
1957,1178,1226,1404,1601,3
1832,913,1082,1154,2309,3
1860,531,792,543,3002,2
32,282,385,214,47,4
1678,403,605,436,2262,2
21,236,243,112,54,4
25,238,323,157,25,4
284,561,554,409,544,4
2144,509,620,748,1308,1
3121,761,1078,1428,2483,1
33,289,277,141,71,4
2679,872,1094,1374,1914,1
1606,458,619,441,2508,2
2006,1606,1600,1498,1885,3
1247,462,569,427,1888,2
2771,689,856,1168,1843,1
20,242,326,157,22,4
17,265,309,156,24,4
12,209,221,87,42,4
2789,623,781,1108,1885,1
1552,446,650,461,2636,2
1472,422,548,483,2102,0
2095,1328,1616,1750,1840,3
2450,604,756,1028,1866,1
2261,1060,1094,1228,1323,3
2374,1138,1194,1254,1266,3
2319,547,741,818,2198,1
1484,522,706,468,2776,2
1750,436,623,405,2770,2
1376,544,560,666,874,1
2884,1518,1770,1862,2094,3
1325,359,502,325,2002,2
1420,415,453,528,955,0
2369,966,1096,1188,1215,3
17,250,325,152,23,4
944,676,834,1014,1432,1
2458,590,844,945,2231,1
717,497,630,515,489,4
2095,701,879,1023,1481,3
28,235,310,158,25,4
18,251,328,156,24,4
14,190,195,84,22,4
2639,646,833,1042,1858,1
3174,1376,1498,1624,1578,3
2312,581,717,1003,1735,1
2189,753,977,1336,1718,1
1818,1290,1610,1638,1990,3
1442,495,628,432,2328,2
1244,505,587,422,1968,2
205,479,570,411,440,4
2350,562,664,905,1436,1
2440,1178,1260,1356,1367,3
19,244,330,142,25,4
21,248,314,157,27,4
1459,927,1146,1164,1820,3
19,267,333,157,25,4
2747,644,885,1230,1981,1
1464,543,706,951,1373,0
1878,540,687,634,2042,0
18,221,320,148,23,4
1691,559,716,617,2338,0
23,166,190,75,1,4
1207,416,536,384,1878,2
2984,921,1314,1800,2409,1
1598,385,536,380,2292,2
890,523,599,659,929,0
19,247,315,157,25,4
1839,1126,1264,1398,1692,3
1592,456,615,437,2460,2
18,258,314,155,31,4
2249,562,660,863,1334,1
2908,1198,1288,1344,1368,3
2261,569,678,882,1405,1
34,295,339,165,78,4
19,247,322,148,27,4
2457,747,942,1170,1709,1
2232,1076,1280,1400,1486,3
1579,400,662,405,2800,2
1860,1698,1916,1904,2036,3
2529,606,838,971,2214,1
1731,565,822,541,3326,2
184,496,562,405,421,4
2283,547,694,688,2128,0
2438,1370,1398,1426,1657,3
1178,455,562,408,1816,2
24,260,318,155,27,4
143,372,335,267,361,4
2079,1072,1252,1362,1514,3
1441,462,518,597,823,1
2128,1070,1236,1430,1553,3
1621,465,647,474,2680,2
194,547,617,464,459,4
1901,550,695,659,1910,0
14,162,189,84,23,4
163,288,260,214,244,4
2366,603,725,935,1459,1
2063,737,966,1282,1600,1
1393,393,557,378,2376,2
20,275,305,163,34,4
1442,507,714,534,2518,2
2149,1076,1344,1402,2328,3
1376,519,603,690,952,1
1738,597,725,652,2099,0
2117,1584,1826,2172,2262,3
21,233,236,108,60,4
24,272,312,157,24,4
4024,849,1112,1468,2808,0
1693,382,526,490,2042,0
2314,552,733,949,1666,1
2225,544,657,876,1364,1
146,365,320,271,265,4
1841,468,685,471,2708,2
1511,499,647,456,2384,2
1787,565,745,577,2956,2
20,239,334,150,26,4
2923,775,935,1220,1870,1
2000,601,844,528,3601,0
1671,397,549,486,2316,0
3062,737,1048,1710,2394,1
1373,440,577,401,2072,2
1648,384,568,428,2010,2
1783,321,615,346,3155,0
187,554,604,461,451,4
2420,526,712,786,2192,1
32,267,388,219,48,4
1247,368,486,353,1976,2
1658,488,670,504,2786,2
1498,310,515,362,2454,0
3241,2002,2274,2410,2315,3
28,214,201,101,52,4
1923,313,629,344,3353,0
149,361,328,264,288,4
1712,388,558,479,2286,0
18,208,201,89,45,4
169,208,288,186,209,4
1418,455,565,385,2078,2
2380,1750,2042,2178,2552,3
2533,742,954,1300,1841,1
2415,723,904,1142,1678,1
2254,1028,1078,1186,1261,3
3016,803,1056,1426,2476,1
2263,532,694,954,1698,1
19,267,315,157,26,4
16,224,217,54,1,4
2356,523,744,797,2082,1
2451,733,939,1250,1807,1
2037,1530,1576,1598,2066,3
37,321,343,155,81,4
3173,1462,1578,1806,2082,3
207,537,604,434,469,4
1458,412,615,397,2374,2
1615,447,576,447,1990,2
2413,716,924,1268,1835,1
23,264,328,158,26,4
2383,1270,1208,1354,1525,3
1178,505,615,416,2324,2
3593,1516,1604,1724,1723,3
2358,542,732,775,2096,1
2011,841,873,1012,1284,3
2646,1584,1584,1614,1973,3
1621,462,579,428,2136,2
35,316,334,167,81,4
32,287,384,209,53,4
1593,548,702,472,2546,2
2518,587,783,940,2208,1
27,221,239,95,69,4
2883,708,964,1496,2169,1
1779,915,967,1094,1380,3
147,248,229,182,224,4
1391,373,538,371,2142,2
1974,905,1198,1628,1814,1
3173,2196,2570,2784,2687,3
1940,600,716,715,1998,0
2238,915,1126,1130,1826,3
2457,747,925,1174,1683,1
1885,504,715,505,3060,2
18,204,204,73,45,4
3081,1198,1356,1418,1402,3
1783,502,639,626,2140,0
27,186,230,69,1,4
1376,538,579,687,926,1
151,382,356,283,304,4
1445,508,594,706,1021,1
24,260,318,158,26,4
9,153,187,62,1,4
21,237,214,108,64,4
2147,502,673,692,2016,1
1505,485,649,426,2626,2
2339,531,789,805,2219,1
1612,543,685,589,2342,0
2162,2040,2270,2480,2810,3
1785,498,697,485,2608,2
2079,593,887,543,3720,0
1339,475,521,595,856,1
2482,532,758,834,2299,1
16,225,225,54,6,4
926,523,586,649,885,0
1397,402,624,416,2354,2
26,264,379,209,41,4
24,215,223,90,63,4
1763,567,717,508,2562,2
2124,1504,1700,1902,2080,3
19,246,342,151,22,4
32,292,385,225,46,4
2162,1700,2018,2222,2600,3
19,253,341,155,25,4
1788,591,805,569,3002,2
1684,569,750,599,2254,0
2332,580,703,943,1437,1
2141,1126,1384,1538,1758,3
1347,371,529,364,2120,2
2795,658,856,1150,1770,1
1445,1040,1318,1378,1524,3
2287,722,968,1294,1730,1
1805,507,648,616,2283,0
2884,1394,1606,1606,1722,3
3025,770,1094,1634,2330,1
2197,1498,1610,1666,2020,3
1112,472,607,427,1904,2
1692,806,794,891,1011,3
2989,766,948,1252,1950,1
26,217,245,99,71,4
24,242,324,158,27,4
2161,546,630,855,1308,1
32,274,390,217,41,4
2421,527,746,768,2292,1
2125,1170,1302,1464,1637,3
2590,1748,1870,2026,2253,3
176,378,333,282,294,4
1902,1166,1470,1638,2111,3
2428,604,725,999,1484,1
1794,585,674,651,2048,0
1916,1136,1260,1252,1494,3
3017,657,821,1158,1998,1
2428,519,717,771,2050,1
21,252,321,158,28,4
2369,745,927,1266,1801,1
2278,592,723,973,1721,1
2360,649,827,1088,1661,1
27,223,247,104,64,4
142,362,344,259,329,4
2345,488,686,745,2050,1
1931,478,701,455,3118,2
177,447,525,330,339,4
1661,421,575,422,2370,2
1870,532,702,549,2770,2
162,413,525,358,343,4
1966,455,582,630,1870,0
1410,511,596,442,1958,2
2273,630,786,1040,1540,1
1962,1366,1486,1676,2004,3
2267,653,828,1100,1632,1
1570,387,607,400,2768,2
1877,503,697,627,2555,0
2261,586,731,1004,1630,1
19,235,318,157,28,4
32,279,389,216,38,4
26,287,384,210,39,4
1847,1272,1404,1452,1652,3
1621,673,736,830,1288,0
1725,379,536,453,2208,0
2663,675,800,1084,1703,1
29,221,236,99,62,4
19,237,327,165,23,4
2819,778,1015,1488,2147,1
2908,1574,1874,2110,1952,3
1952,1298,1344,1282,1708,3
1402,518,672,461,2640,2
1624,463,700,505,2648,2
200,571,630,467,479,4
1788,1074,1302,1400,1800,3
2390,778,986,1262,1787,1
1750,495,706,493,3002,2
1595,512,657,659,2265,0
2752,660,848,1176,1876,1
1732,1068,1134,1180,1200,3
1149,621,700,790,1141,0
2779,1290,1434,1544,1629,3
3622,1700,2264,2598,2770,3
26,296,388,213,38,4
2519,530,715,877,1942,1
2475,886,1154,1594,1909,1
2202,583,696,922,1349,1
135,376,337,279,326,4
1817,394,556,523,1982,0
1872,426,641,439,2812,2
1570,602,709,515,2874,2
2461,516,753,843,2129,1
28,279,389,216,35,4
2320,716,901,1154,1559,1
19,267,337,156,26,4
1439,398,546,630,1130,0
2271,1372,1588,1784,2150,3
3433,1826,1958,2134,2054,3
213,542,618,471,454,4
23,235,317,153,26,4
3289,1990,2378,2536,2327,3
2243,535,596,818,1295,1
18,246,319,148,21,4
96,316,367,135,49,4
19,263,319,157,24,4
2428,743,953,1186,1688,1
18,274,325,156,23,4
2249,575,704,959,1469,1
2694,910,1110,1432,1986,1
20,210,229,102,63,4
1454,560,630,748,1085,0
21,269,309,115,43,4
1453,489,617,458,2316,2
1901,1426,1616,1686,1799,3
3174,1960,2042,2088,2000,3
1420,431,610,411,2584,2
1783,411,561,482,2198,0
1971,1422,1344,1676,1968,3
1410,376,529,369,2236,2
2391,711,947,1266,1775,1
1868,412,565,421,2104,2
2385,1148,1194,1260,1293,3
1571,455,726,518,2700,2
1756,648,745,671,2114,0
20,246,320,163,29,4
1466,443,634,421,2540,2
23,288,366,209,34,4
3081,1230,1426,1526,1439,3
187,406,345,308,302,4
1298,511,603,703,943,1
19,253,307,157,27,4
1833,629,878,579,2950,0
1479,498,681,528,2754,2
20,188,211,61,1,4
27,242,254,102,65,4
1471,463,729,535,2555,0
1783,496,678,637,2166,0
2383,1566,1582,1584,2128,3
3228,753,1028,1610,2338,1
27,230,229,97,64,4
2127,437,551,693,1268,0
2914,828,1088,1626,2252,1
26,242,230,91,58,4
1922,528,688,635,2056,0
160,389,357,285,300,4
2428,755,937,1234,1744,1
19,254,314,158,27,4
2649,894,1078,1388,1996,1
1848,820,914,1046,1147,3
1794,537,674,631,2070,0
2679,621,828,1116,1953,1
1802,544,700,541,2976,2
2366,624,774,1078,1866,1
27,301,375,208,32,4
1295,355,518,495,1182,0
1434,514,678,445,2494,2
1725,391,539,477,2226,0
1696,710,799,899,1325,0
2298,1982,1676,1656,2590,3
1391,411,608,386,2496,2
562,652,794,725,741,4
2819,1532,1500,1644,1782,3
19,259,332,156,31,4
26,280,396,206,38,4
2433,495,728,867,1935,1
1584,443,616,478,1912,2
2013,1230,1500,1594,1619,3
1636,384,531,456,2178,0
2918,1614,1860,2008,2099,3
1763,489,698,463,2454,2
2609,695,909,1300,1989,1
2281,1538,1678,1782,1831,3
1859,1488,1640,1808,2052,3
2303,590,708,935,1460,1
1459,1126,1300,1216,1740,3
162,421,502,344,354,4
22,288,375,204,35,4
1506,455,590,393,1938,2
1440,453,649,458,2442,2
2151,959,1110,1176,1260,3
125,388,350,265,376,4
22,234,317,157,25,4
1595,504,563,543,1482,0
1501,517,644,433,2348,2
23,288,384,204,34,4
2440,1154,1246,1320,1338,3
1568,474,643,426,2366,2
21,154,194,76,1,4
2559,1516,1518,1700,1897,3
160,383,343,295,306,4
1325,353,492,346,2004,2
1451,633,760,656,2416,0
3076,1958,1912,2124,2447,3
1758,817,932,1002,1226,3
146,372,339,287,294,4
167,381,475,309,362,4
199,548,616,477,452,4
1892,1354,1386,1528,1886,3
19,149,201,69,1,4
2296,1428,1690,1904,2214,3
26,232,235,101,66,4
1904,490,667,635,2191,0
1802,519,717,523,3020,2
27,253,334,158,26,4
1938,561,667,699,1974,0
1859,944,1120,999,1415,3
2473,720,908,1192,1698,1
1845,902,1064,1194,1438,3
24,160,208,68,1,4
1310,506,638,463,2344,2
2348,539,703,875,1910,1
1685,539,663,500,2360,2
17,185,202,90,22,4
1836,883,1072,1520,2085,3
2428,616,738,1056,1628,1
16,220,216,83,31,4
2425,745,983,1300,1823,1
1761,703,809,1134,1660,3
2267,531,600,810,1235,1
2570,1202,1322,1262,1294,3
3023,781,918,1238,1909,1
2348,565,724,999,1758,1
25,179,212,82,44,4
20,211,199,87,43,4
2986,797,985,1324,2024,1
1805,1044,1164,1252,1421,3
1454,584,713,616,2286,0
2001,1194,1432,1536,2010,3
19,262,334,150,27,4
2062,1606,1726,1874,2105,3
3294,902,1234,1636,2480,1
18,266,322,155,32,4
2934,626,798,1154,1926,1
2818,719,868,1182,1933,1
19,260,330,155,34,4
2486,985,1302,1802,2060,1
2892,657,811,1142,1988,1
2910,1354,1548,1548,1421,3
1914,1184,1260,1506,1669,3
30,208,202,83,40,4
29,238,229,99,64,4
1775,619,850,603,2524,0
2287,1596,1560,1656,1897,3
17,258,322,157,23,4
1790,434,612,469,2792,2
1784,533,719,534,2938,2
882,517,571,651,858,0
2267,537,613,799,1213,1
2625,761,955,1302,1882,1
1916,1168,1350,1504,1949,3
2646,1416,1452,1538,1869,3
2794,724,926,1068,2200,1
18,207,214,55,1,4
1535,408,592,434,2502,2
1774,1088,1154,1222,1520,3
3157,1228,1372,1522,1656,3
2869,712,863,1204,1986,1
26,247,225,101,53,4
3065,742,987,1230,2406,1
1598,406,528,345,2090,2
265,487,627,528,415,4
2231,569,665,916,1394,1
1842,1126,1304,1378,1798,3
1657,458,622,474,2502,2
2449,587,790,1090,1920,1
17,232,318,158,27,4
22,226,221,92,33,4
1756,634,783,672,2136,0
1780,399,536,503,2067,0
1902,557,679,658,1975,0
2117,1536,1808,2036,2508,3
2964,997,1364,1788,2510,1
1644,594,717,781,2361,0
20,275,305,159,36,4
160,376,361,295,301,4
111,236,206,176,200,4
19,244,313,156,24,4
19,242,339,153,23,4
26,258,275,136,61,4
2715,621,788,1144,1916,1
1373,451,561,392,2220,2
3289,1926,2378,2578,2301,3
2105,1148,1230,1356,1678,3
2225,519,605,846,1299,1
18,238,339,163,23,4
2020,1200,1118,1102,1565,3
2421,504,730,758,2189,1
2178,1220,1516,1528,1816,3
3288,773,1090,1710,2450,1
20,263,323,157,26,4
2368,1062,1274,1432,1923,3
2188,484,612,702,1732,1
1585,698,894,849,1663,0
2273,653,825,1096,1619,1
20,219,190,98,52,4
1903,1144,1262,1434,1722,3
1365,441,595,747,1151,0
204,550,620,455,468,4
3030,713,954,1290,2140,1
33,274,385,217,45,4
17,259,319,156,24,4
2298,1780,1532,1488,2308,3
200,542,589,452,440,4
1693,391,552,480,2100,0
20,167,196,67,1,4
2260,588,709,962,1471,1
1666,601,757,1007,1534,0
3198,750,966,1282,2128,1
3260,791,1108,1682,2479,1
194,503,554,426,447,4
194,480,560,390,457,4
2268,982,1108,1272,1490,3
1756,639,763,665,2132,0
1572,527,653,590,2032,0
2746,836,980,1234,1924,1
2698,700,955,1470,2000,1
2800,722,913,1208,1932,1
2330,626,719,1003,1482,1
1848,1316,1550,1682,1892,3
1689,434,579,540,2208,0
3008,798,1086,1550,2302,1
137,360,310,269,261,4
2261,565,691,898,1417,1
1593,509,596,472,2674,2
1458,447,614,432,2696,2
2994,756,962,1238,2298,1
1855,1078,1158,1250,1287,3
1598,383,511,388,2020,2
2079,1004,1114,1150,1499,3
1960,1196,1284,1254,1557,3
19,213,207,74,43,4
41,193,222,81,1,4
2270,579,789,866,2218,1
420,211,289,177,245,4
2433,514,668,816,1903,1
19,196,203,90,45,4
1793,571,677,483,2678,2
1399,515,582,403,2060,2
1607,550,723,519,2756,2
20,168,186,76,1,4
2138,536,637,839,1321,1
2519,597,820,943,2112,1
2267,651,818,1100,1620,1
1402,444,559,404,2100,2
2420,539,737,842,2088,1
2020,545,714,736,1902,0
24,242,334,158,27,4
1874,482,648,661,2216,2
19,241,201,91,42,4
2847,1554,1624,1710,1846,3
307,522,584,415,505,4
2800,730,918,1232,2027,1
1462,443,647,430,2498,2
2147,466,635,655,1929,1
1733,412,560,497,2182,0
2512,619,796,1130,1735,1
2769,684,761,1036,1566,1
21,229,324,159,25,4
1904,476,645,571,2280,0
1519,495,649,662,1517,0
2238,1122,1202,1300,1906,3
19,239,328,148,28,4
22,199,197,90,56,4
1646,740,873,897,1736,0
31,258,270,124,59,4
1769,480,626,587,1854,2
1805,502,634,603,2165,0
2150,444,790,411,3586,0
2681,903,1092,1376,1934,1
30,198,220,90,40,4
1952,1114,1234,1356,1576,3
16,155,189,84,1,4
28,265,288,137,73,4
2417,550,770,866,2223,1
19,249,342,156,26,4
180,541,618,472,468,4
2055,576,834,532,3602,0
1392,406,514,624,1112,0
17,246,305,147,44,4
1674,509,715,471,2908,2
19,236,328,141,21,4
3204,2296,2564,2746,2851,3
32,279,402,219,40,4
2606,1538,1462,1526,2076,3
1421,372,498,375,2124,2
2224,1424,1408,1434,1775,3
34,311,392,216,44,4
1510,386,542,375,2130,2
2413,717,896,1212,1787,1
1902,568,691,678,1990,0
1506,558,650,679,1379,0
3173,1680,2064,2248,2156,3
1769,510,616,613,2070,2
19,247,327,152,26,4
2270,546,790,835,2216,1
26,242,229,99,66,4
1453,489,590,415,2206,2
1436,433,514,387,1958,2
1621,492,639,619,2123,0
1492,482,663,612,2135,0
2241,560,717,953,1702,1
2462,677,830,1116,1672,1
25,255,301,158,26,4
26,199,247,104,62,4
19,251,308,157,27,4
1648,659,767,674,2216,0
209,505,584,421,482,4
1389,524,566,675,968,1
2918,1584,1798,1930,2033,3
2271,1282,1378,1692,1990,3
2011,1268,1270,1478,1844,3
1423,357,501,359,2140,2
1739,1074,1160,1316,1852,3
1419,480,542,585,1054,0
2482,621,851,906,2290,1
23,228,238,108,61,4
3149,817,1078,1372,2343,1
1800,554,686,648,1974,0
887,523,577,641,894,0
139,435,495,334,345,4
2503,559,741,799,2208,1
1837,1238,1416,1382,1697,3
1644,526,709,607,2004,0
2176,529,781,822,2220,1
2502,1036,1108,1228,1238,3
1974,1348,1588,1718,2084,3
1280,491,487,595,800,1
1399,479,640,457,2588,2
1595,502,578,534,1588,0
1405,521,657,585,1738,0
26,211,227,94,58,4
2114,544,611,813,1392,1
1262,533,696,510,2690,2
1712,382,556,483,2264,0
3138,810,1150,1704,2568,1
2513,566,793,962,1999,1
142,379,345,269,348,4
1793,553,643,609,1918,0
18,221,203,77,29,4
1838,968,1096,1090,1401,3
1334,371,498,336,1906,2
34,307,335,166,82,4
1476,455,650,463,2398,2
1703,512,717,517,2880,2
3366,1023,1382,1872,2754,1
1621,719,793,904,1434,0
1476,494,642,456,2498,2
2474,557,759,806,2194,1
32,274,390,217,45,4
1681,404,556,474,2292,0
2128,1034,1336,1288,1910,3
1804,514,671,641,2275,0
1384,532,578,680,1050,1
3337,2110,2298,2382,2624,3
1907,1060,1272,1410,1556,3
1886,580,778,543,3150,0
2429,1566,1436,1432,1903,3
1621,454,662,422,2458,2
2151,1150,1224,1106,1220,3
4011,1730,2240,2678,2822,3
1936,892,974,1076,1452,3
1982,625,857,539,3442,0
1254,385,483,603,969,0
1374,471,617,415,2030,2
111,228,209,173,197,4
1247,412,550,397,2204,2
17,230,336,156,23,4
1579,430,562,362,2404,2
1649,706,755,833,1332,0
312,570,569,435,543,4
1711,527,705,536,2888,2
3972,805,1034,1448,2312,0
1393,435,618,375,2308,2
2081,1230,1172,1320,1622,3
1459,597,702,531,2678,2
22,263,381,210,33,4
